{
  "id": "4227cffa-2c72-4011-9bdb-99c880d870ca",
  "revision": 0,
  "last_node_id": 196,
  "last_link_id": 266,
  "nodes": [
    {
      "id": 156,
      "type": "Label (rgthree)",
      "pos": [
        -461.27142333984375,
        -786.828857421875
      ],
      "size": [
        3334.814453125,
        400
      ],
      "flags": {
        "allow_interaction": true
      },
      "order": 0,
      "mode": 0,
      "inputs": [],
      "outputs": [],
      "title": "decode NSFW latent file",
      "properties": {
        "fontSize": 300,
        "fontFamily": "Arial",
        "fontColor": "#000",
        "textAlign": "center",
        "backgroundColor": "#fff",
        "padding": 50,
        "borderRadius": 50,
        "widget_ue_connectable": {}
      },
      "color": "#fff0",
      "bgcolor": "#fff0"
    },
    {
      "id": 13,
      "type": "WanVideoVAELoader",
      "pos": [
        888.6085815429688,
        326.8051452636719
      ],
      "size": [
        315,
        82
      ],
      "flags": {},
      "order": 1,
      "mode": 0,
      "inputs": [
        {
          "label": "compile_args",
          "name": "compile_args",
          "shape": 7,
          "type": "WANCOMPILEARGS"
        },
        {
          "label": "model_name",
          "name": "model_name",
          "type": "COMBO",
          "widget": {
            "name": "model_name"
          }
        },
        {
          "label": "precision",
          "name": "precision",
          "shape": 7,
          "type": "COMBO",
          "widget": {
            "name": "precision"
          }
        }
      ],
      "outputs": [
        {
          "label": "vae",
          "name": "vae",
          "type": "WANVAE",
          "slot_index": 0,
          "links": [
            7
          ]
        }
      ],
      "properties": {
        "Node name for S&R": "WanVideoVAELoader",
        "cnr_id": "ComfyUI-WanVideoWrapper",
        "ver": "998a69cc0acbec503001b8b0ce0a5d5404420e1e",
        "widget_ue_connectable": {}
      },
      "widgets_values": [
        "Wan2_1_VAE_bf16.safetensors",
        "bf16"
      ]
    },
    {
      "id": 5,
      "type": "WanVideoDecode",
      "pos": [
        907.4169311523438,
        497.5577087402344
      ],
      "size": [
        297.58966064453125,
        198
      ],
      "flags": {},
      "order": 7,
      "mode": 0,
      "inputs": [
        {
          "label": "vae",
          "name": "vae",
          "type": "WANVAE",
          "link": 7
        },
        {
          "label": "samples",
          "name": "samples",
          "type": "LATENT",
          "link": 266
        },
        {
          "label": "enable_vae_tiling",
          "name": "enable_vae_tiling",
          "type": "BOOLEAN",
          "widget": {
            "name": "enable_vae_tiling"
          }
        },
        {
          "label": "tile_x",
          "name": "tile_x",
          "type": "INT",
          "widget": {
            "name": "tile_x"
          }
        },
        {
          "label": "tile_y",
          "name": "tile_y",
          "type": "INT",
          "widget": {
            "name": "tile_y"
          }
        },
        {
          "label": "tile_stride_x",
          "name": "tile_stride_x",
          "type": "INT",
          "widget": {
            "name": "tile_stride_x"
          }
        },
        {
          "label": "tile_stride_y",
          "name": "tile_stride_y",
          "type": "INT",
          "widget": {
            "name": "tile_stride_y"
          }
        },
        {
          "label": "normalization",
          "name": "normalization",
          "shape": 7,
          "type": "COMBO",
          "widget": {
            "name": "normalization"
          }
        }
      ],
      "outputs": [
        {
          "label": "images",
          "name": "images",
          "type": "IMAGE",
          "slot_index": 0,
          "links": [
            265
          ]
        }
      ],
      "properties": {
        "Node name for S&R": "WanVideoDecode",
        "cnr_id": "ComfyUI-WanVideoWrapper",
        "ver": "998a69cc0acbec503001b8b0ce0a5d5404420e1e",
        "widget_ue_connectable": {}
      },
      "widgets_values": [
        false,
        272,
        272,
        144,
        128,
        "default"
      ]
    },
    {
      "id": 117,
      "type": "VHS_VideoCombine",
      "pos": [
        1508.614013671875,
        -11.882797241210938
      ],
      "size": [
        222.48094177246094,
        731.9661254882812
      ],
      "flags": {},
      "order": 8,
      "mode": 0,
      "inputs": [
        {
          "label": "images",
          "name": "images",
          "type": "IMAGE",
          "link": 265
        },
        {
          "label": "audio",
          "name": "audio",
          "shape": 7,
          "type": "AUDIO"
        },
        {
          "label": "meta_batch",
          "name": "meta_batch",
          "shape": 7,
          "type": "VHS_BatchManager"
        },
        {
          "label": "vae",
          "name": "vae",
          "shape": 7,
          "type": "VAE"
        },
        {
          "label": "frame_rate",
          "name": "frame_rate",
          "type": "FLOAT",
          "widget": {
            "name": "frame_rate"
          }
        },
        {
          "label": "loop_count",
          "name": "loop_count",
          "type": "INT",
          "widget": {
            "name": "loop_count"
          }
        },
        {
          "label": "filename_prefix",
          "name": "filename_prefix",
          "type": "STRING",
          "widget": {
            "name": "filename_prefix"
          }
        },
        {
          "label": "format",
          "name": "format",
          "type": "COMBO",
          "widget": {
            "name": "format"
          }
        },
        {
          "label": "pingpong",
          "name": "pingpong",
          "type": "BOOLEAN",
          "widget": {
            "name": "pingpong"
          }
        },
        {
          "label": "save_output",
          "name": "save_output",
          "type": "BOOLEAN",
          "widget": {
            "name": "save_output"
          }
        },
        {
          "label": "no_preview",
          "name": "no_preview",
          "shape": 7,
          "type": "BOOLEAN",
          "widget": {
            "name": "no_preview"
          }
        }
      ],
      "outputs": [
        {
          "label": "Filenames",
          "name": "Filenames",
          "type": "VHS_FILENAMES"
        }
      ],
      "properties": {
        "Node name for S&R": "VHS_VideoCombine",
        "widget_ue_connectable": {}
      },
      "widgets_values": {
        "frame_rate": 16,
        "loop_count": 0,
        "filename_prefix": "AnimateDiff",
        "format": "video/h264-mp4.json",
        "pix_fmt": "yuv420p",
        "crf": 19,
        "save_metadata": true,
        "trim_to_audio": false,
        "pingpong": false,
        "save_output": true,
        "no_preview": false,
        "videopreview": {
          "paused": false,
          "hidden": false,
          "params": {
            "filename": "AnimateDiff_00001_pkcmg_1755692551.mp4",
            "workflow": "AnimateDiff_00001.png",
            "fullpath": "/data/ComfyUI/personal/4d6d73530acb1ad75a79b364f83c1545/output/AnimateDiff_00001.mp4",
            "format": "video/h264-mp4.json",
            "subfolder": "",
            "type": "output",
            "frame_rate": 15
          }
        }
      }
    },
    {
      "id": 193,
      "type": "Label (rgthree)",
      "pos": [
        907.0078125,
        -144.20480346679688
      ],
      "size": [
        671.2890625,
        20
      ],
      "flags": {
        "allow_interaction": true
      },
      "order": 2,
      "mode": 0,
      "inputs": [],
      "outputs": [],
      "title": "you should  have a file named like \"ComfyUI_00002_xxxx_12345678.latent\"",
      "properties": {
        "fontSize": 20,
        "fontFamily": "Arial",
        "fontColor": "#ffffff",
        "textAlign": "left",
        "backgroundColor": "transparent",
        "padding": 0,
        "borderRadius": 0,
        "widget_ue_connectable": {}
      },
      "color": "#fff0",
      "bgcolor": "#fff0"
    },
    {
      "id": 195,
      "type": "Label (rgthree)",
      "pos": [
        907.8089599609375,
        -62.45391082763672
      ],
      "size": [
        587.83203125,
        20
      ],
      "flags": {
        "allow_interaction": true
      },
      "order": 3,
      "mode": 0,
      "inputs": [],
      "outputs": [],
      "title": "then put the file in \"comfyui/input\" folder, then refresh this workflow",
      "properties": {
        "fontSize": 20,
        "fontFamily": "Arial",
        "fontColor": "#ffffff",
        "textAlign": "left",
        "backgroundColor": "transparent",
        "padding": 0,
        "borderRadius": 0,
        "widget_ue_connectable": {}
      },
      "color": "#fff0",
      "bgcolor": "#fff0"
    },
    {
      "id": 192,
      "type": "LoadLatent",
      "pos": [
        897.0078125,
        144.41754150390625
      ],
      "size": [
        474.214111328125,
        120.55213165283203
      ],
      "flags": {},
      "order": 4,
      "mode": 0,
      "inputs": [],
      "outputs": [
        {
          "label": "LATENT",
          "name": "LATENT",
          "type": "LATENT",
          "links": [
            266
          ]
        }
      ],
      "properties": {
        "widget_ue_connectable": {},
        "Node name for S&R": "LoadLatent"
      },
      "widgets_values": [
        null
      ]
    },
    {
      "id": 196,
      "type": "Label (rgthree)",
      "pos": [
        981.8002319335938,
        203.7930145263672
      ],
      "size": [
        363.515625,
        20
      ],
      "flags": {
        "allow_interaction": true
      },
      "order": 5,
      "mode": 0,
      "inputs": [],
      "outputs": [],
      "title": "after refresh, you may see latent file here",
      "properties": {
        "fontSize": 20,
        "fontFamily": "Arial",
        "fontColor": "#ffffff",
        "textAlign": "left",
        "backgroundColor": "transparent",
        "padding": 0,
        "borderRadius": 0,
        "widget_ue_connectable": {}
      },
      "color": "#fff0",
      "bgcolor": "#fff0"
    },
    {
      "id": 194,
      "type": "Label (rgthree)",
      "pos": [
        906.488525390625,
        -105.16911315917969
      ],
      "size": [
        525.751953125,
        20
      ],
      "flags": {
        "allow_interaction": true
      },
      "order": 6,
      "mode": 0,
      "inputs": [],
      "outputs": [],
      "title": "download NSFW latent file from my online version workflow",
      "properties": {
        "fontSize": 20,
        "fontFamily": "Arial",
        "fontColor": "#ffffff",
        "textAlign": "left",
        "backgroundColor": "transparent",
        "padding": 0,
        "borderRadius": 0,
        "widget_ue_connectable": {}
      },
      "color": "#fff0",
      "bgcolor": "#fff0"
    }
  ],
  "links": [
    [
      7,
      13,
      0,
      5,
      0,
      "WANVAE"
    ],
    [
      265,
      5,
      0,
      117,
      0,
      "IMAGE"
    ],
    [
      266,
      192,
      0,
      5,
      1,
      "LATENT"
    ]
  ],
  "groups": [
    {
      "id": 10,
      "title": "Save Video",
      "bounding": [
        836.6078491210938,
        -214.88662719726562,
        941.7005615234375,
        953.9827880859375
      ],
      "color": "#8A8",
      "font_size": 24,
      "flags": {}
    }
  ],
  "config": {},
  "extra": {
    "VHS_KeepIntermediate": true,
    "links_added_by_ue": [],
    "VHS_MetadataImage": true,
    "ue_links": [],
    "0246.VERSION": [
      0,
      0,
      4
    ],
    "VHS_latentpreviewrate": 0,
    "VHS_latentpreview": false,
    "frontendVersion": "1.23.0",
    "ds": {
      "scale": 0.5989500000000026,
      "offset": [
        125.79415041401819,
        585.6357221427784
      ]
    }
  },
  "version": 0.4
}