{
  "id": "c6e410bc-5e2c-460b-ae81-c91b6094fbb1",
  "revision": 0,
  "last_node_id": 208,
  "last_link_id": 451,
  "nodes": [
    {
      "id": 159,
      "type": "Label (rgthree)",
      "pos": [
        -1952.5692138671875,
        -6362.296875
      ],
      "size": [
        1124.00390625,
        30
      ],
      "flags": {
        "allow_interaction": true
      },
      "order": 0,
      "mode": 0,
      "inputs": [],
      "outputs": [],
      "title": "Please describe in detail how you want the image to be turned into a dynamic video, ",
      "properties": {
        "fontSize": 30,
        "fontFamily": "Arial",
        "fontColor": "#ffffff",
        "textAlign": "left",
        "backgroundColor": "transparent",
        "padding": 0,
        "borderRadius": 0,
        "widget_ue_connectable": {}
      },
      "color": "#fff0",
      "bgcolor": "#fff0"
    },
    {
      "id": 160,
      "type": "Label (rgthree)",
      "pos": [
        -1951.616943359375,
        -6306.70361328125
      ],
      "size": [
        981.2109375,
        30
      ],
      "flags": {
        "allow_interaction": true
      },
      "order": 1,
      "mode": 0,
      "inputs": [],
      "outputs": [],
      "title": "including the characters' movements, the direction of motion in the frame, ",
      "properties": {
        "fontSize": 30,
        "fontFamily": "Arial",
        "fontColor": "#ffffff",
        "textAlign": "left",
        "backgroundColor": "transparent",
        "padding": 0,
        "borderRadius": 0,
        "widget_ue_connectable": {}
      },
      "color": "#fff0",
      "bgcolor": "#fff0"
    },
    {
      "id": 161,
      "type": "Label (rgthree)",
      "pos": [
        -1953.7005615234375,
        -6254.14794921875
      ],
      "size": [
        426.9873046875,
        30
      ],
      "flags": {
        "allow_interaction": true
      },
      "order": 2,
      "mode": 0,
      "inputs": [],
      "outputs": [],
      "title": "and changes in the background.",
      "properties": {
        "fontSize": 30,
        "fontFamily": "Arial",
        "fontColor": "#ffffff",
        "textAlign": "left",
        "backgroundColor": "transparent",
        "padding": 0,
        "borderRadius": 0,
        "widget_ue_connectable": {}
      },
      "color": "#fff0",
      "bgcolor": "#fff0"
    },
    {
      "id": 162,
      "type": "Label (rgthree)",
      "pos": [
        -2685.804443359375,
        -6469.99462890625
      ],
      "size": [
        436.93359375,
        60
      ],
      "flags": {
        "allow_interaction": true
      },
      "order": 3,
      "mode": 0,
      "inputs": [],
      "outputs": [],
      "title": "1. Upload image",
      "properties": {
        "fontSize": 60,
        "fontFamily": "Arial",
        "fontColor": "#ffffff",
        "textAlign": "left",
        "backgroundColor": "transparent",
        "padding": 0,
        "borderRadius": 0,
        "widget_ue_connectable": {}
      },
      "color": "#fff0",
      "bgcolor": "#fff0"
    },
    {
      "id": 148,
      "type": "easy int",
      "pos": [
        -1639.8878173828125,
        -5842.81201171875
      ],
      "size": [
        210,
        58
      ],
      "flags": {},
      "order": 4,
      "mode": 0,
      "inputs": [
        {
          "label": "value",
          "name": "value",
          "type": "INT",
          "widget": {
            "name": "value"
          }
        }
      ],
      "outputs": [
        {
          "label": "int",
          "name": "int",
          "type": "INT",
          "links": [
            296
          ]
        }
      ],
      "properties": {
        "cnr_id": "comfyui-easy-use",
        "ver": "640ef31625e18f72becea245a778fcbb13c457ee",
        "Node name for S&R": "easy int",
        "widget_ue_connectable": {}
      },
      "widgets_values": [
        832
      ],
      "color": "#232",
      "bgcolor": "#353"
    },
    {
      "id": 168,
      "type": "SetNode",
      "pos": [
        -1572.5762939453125,
        -5738.7763671875
      ],
      "size": [
        210,
        58
      ],
      "flags": {
        "collapsed": true
      },
      "order": 26,
      "mode": 0,
      "inputs": [
        {
          "label": "INT",
          "name": "INT",
          "type": "INT",
          "link": 296
        }
      ],
      "outputs": [
        {
          "label": "*",
          "name": "*",
          "type": "*"
        }
      ],
      "title": "Set_long size",
      "properties": {
        "previousName": "long size",
        "widget_ue_connectable": {}
      },
      "widgets_values": [
        "long size"
      ],
      "color": "#1b4669",
      "bgcolor": "#29699c"
    },
    {
      "id": 169,
      "type": "SetNode",
      "pos": [
        -1305.7869873046875,
        -5746.59423828125
      ],
      "size": [
        210,
        50
      ],
      "flags": {
        "collapsed": true
      },
      "order": 28,
      "mode": 0,
      "inputs": [
        {
          "label": "INT",
          "name": "INT",
          "type": "INT",
          "link": 297
        }
      ],
      "outputs": [
        {
          "label": "*",
          "name": "*",
          "type": "*"
        }
      ],
      "title": "Set_Duration",
      "properties": {
        "previousName": "Duration",
        "widget_ue_connectable": {}
      },
      "widgets_values": [
        "Duration"
      ],
      "color": "#1b4669",
      "bgcolor": "#29699c"
    },
    {
      "id": 170,
      "type": "SetNode",
      "pos": [
        -1028.133544921875,
        -5740.59375
      ],
      "size": [
        210,
        50
      ],
      "flags": {
        "collapsed": true
      },
      "order": 27,
      "mode": 0,
      "inputs": [
        {
          "label": "INT",
          "name": "INT",
          "type": "INT",
          "link": 298
        }
      ],
      "outputs": [
        {
          "label": "*",
          "name": "*",
          "type": "*"
        }
      ],
      "title": "Set_Steps",
      "properties": {
        "previousName": "Steps",
        "widget_ue_connectable": {}
      },
      "widgets_values": [
        "Steps"
      ],
      "color": "#1b4669",
      "bgcolor": "#29699c"
    },
    {
      "id": 136,
      "type": "easy int",
      "pos": [
        -1080,
        -5840
      ],
      "size": [
        210,
        58
      ],
      "flags": {},
      "order": 5,
      "mode": 0,
      "inputs": [
        {
          "label": "value",
          "name": "value",
          "type": "INT",
          "widget": {
            "name": "value"
          }
        }
      ],
      "outputs": [
        {
          "label": "int",
          "name": "int",
          "type": "INT",
          "links": [
            298
          ]
        }
      ],
      "properties": {
        "cnr_id": "comfyui-easy-use",
        "ver": "640ef31625e18f72becea245a778fcbb13c457ee",
        "Node name for S&R": "easy int",
        "widget_ue_connectable": {}
      },
      "widgets_values": [
        8
      ],
      "color": "#232",
      "bgcolor": "#353"
    },
    {
      "id": 147,
      "type": "easy int",
      "pos": [
        -1357.203125,
        -5847.9248046875
      ],
      "size": [
        210,
        58
      ],
      "flags": {},
      "order": 6,
      "mode": 0,
      "inputs": [
        {
          "label": "value",
          "name": "value",
          "type": "INT",
          "widget": {
            "name": "value"
          }
        }
      ],
      "outputs": [
        {
          "label": "int",
          "name": "int",
          "type": "INT",
          "links": [
            297
          ]
        }
      ],
      "properties": {
        "cnr_id": "comfyui-easy-use",
        "ver": "640ef31625e18f72becea245a778fcbb13c457ee",
        "Node name for S&R": "easy int",
        "widget_ue_connectable": {}
      },
      "widgets_values": [
        5
      ],
      "color": "#232",
      "bgcolor": "#353"
    },
    {
      "id": 172,
      "type": "SetNode",
      "pos": [
        -2197.02001953125,
        -6385.9853515625
      ],
      "size": [
        210,
        60
      ],
      "flags": {
        "collapsed": true
      },
      "order": 33,
      "mode": 0,
      "inputs": [
        {
          "label": "IMAGE",
          "name": "IMAGE",
          "type": "IMAGE",
          "link": 301
        }
      ],
      "outputs": [
        {
          "label": "*",
          "name": "*",
          "type": "*"
        }
      ],
      "title": "Set_Image",
      "properties": {
        "previousName": "Image",
        "widget_ue_connectable": {}
      },
      "widgets_values": [
        "Image"
      ],
      "color": "#2a363b",
      "bgcolor": "#3f5159"
    },
    {
      "id": 104,
      "type": "WanVideoBlockSwap",
      "pos": [
        -1377.909423828125,
        -5459.63134765625
      ],
      "size": [
        221.404296875,
        202
      ],
      "flags": {},
      "order": 7,
      "mode": 0,
      "inputs": [
        {
          "label": "blocks_to_swap",
          "name": "blocks_to_swap",
          "type": "INT",
          "widget": {
            "name": "blocks_to_swap"
          }
        },
        {
          "label": "offload_img_emb",
          "name": "offload_img_emb",
          "type": "BOOLEAN",
          "widget": {
            "name": "offload_img_emb"
          }
        },
        {
          "label": "offload_txt_emb",
          "name": "offload_txt_emb",
          "type": "BOOLEAN",
          "widget": {
            "name": "offload_txt_emb"
          }
        },
        {
          "label": "use_non_blocking",
          "name": "use_non_blocking",
          "shape": 7,
          "type": "BOOLEAN",
          "widget": {
            "name": "use_non_blocking"
          }
        },
        {
          "label": "vace_blocks_to_swap",
          "name": "vace_blocks_to_swap",
          "shape": 7,
          "type": "INT",
          "widget": {
            "name": "vace_blocks_to_swap"
          }
        },
        {
          "label": "block_swap_debug",
          "name": "block_swap_debug",
          "shape": 7,
          "type": "BOOLEAN",
          "widget": {
            "name": "block_swap_debug"
          }
        }
      ],
      "outputs": [
        {
          "label": "block_swap_args",
          "name": "block_swap_args",
          "type": "BLOCKSWAPARGS",
          "links": [
            314
          ]
        }
      ],
      "properties": {
        "cnr_id": "ComfyUI-WanVideoWrapper",
        "ver": "8479624614ec0d52e982bbbab633736fb1a15eef",
        "Node name for S&R": "WanVideoBlockSwap",
        "widget_ue_connectable": {}
      },
      "widgets_values": [
        40,
        false,
        false,
        true,
        0
      ],
      "color": "#2a363b",
      "bgcolor": "#3f5159"
    },
    {
      "id": 135,
      "type": "MathExpression|pysssss",
      "pos": [
        -1373.9398193359375,
        -5198.82373046875
      ],
      "size": [
        210,
        128
      ],
      "flags": {},
      "order": 31,
      "mode": 0,
      "inputs": [
        {
          "label": "a",
          "name": "a",
          "shape": 7,
          "type": "INT,FLOAT,IMAGE,LATENT",
          "link": 306
        },
        {
          "label": "b",
          "name": "b",
          "shape": 7,
          "type": "INT,FLOAT,IMAGE,LATENT"
        },
        {
          "label": "c",
          "name": "c",
          "shape": 7,
          "type": "INT,FLOAT,IMAGE,LATENT"
        },
        {
          "label": "expression",
          "name": "expression",
          "type": "INT,FLOAT,IMAGE,LATENT",
          "widget": {
            "name": "expression"
          }
        }
      ],
      "outputs": [
        {
          "label": "INT",
          "name": "INT",
          "type": "INT",
          "links": [
            219
          ]
        },
        {
          "label": "FLOAT",
          "name": "FLOAT",
          "type": "FLOAT"
        }
      ],
      "properties": {
        "cnr_id": "comfyui-custom-scripts",
        "ver": "aac13aa7ce35b07d43633c3bbe654a38c00d74f5",
        "Node name for S&R": "MathExpression|pysssss",
        "widget_ue_connectable": {}
      },
      "widgets_values": [
        "a/2",
        [
          false,
          true
        ]
      ],
      "color": "#2a363b",
      "bgcolor": "#3f5159"
    },
    {
      "id": 89,
      "type": "WanVideoImageToVideoEncode",
      "pos": [
        -1673.66796875,
        -5425.52685546875
      ],
      "size": [
        248.23202514648438,
        390
      ],
      "flags": {},
      "order": 37,
      "mode": 0,
      "inputs": [
        {
          "label": "vae",
          "name": "vae",
          "type": "WANVAE"
        },
        {
          "label": "clip_embeds",
          "name": "clip_embeds",
          "shape": 7,
          "type": "WANVIDIMAGE_CLIPEMBEDS"
        },
        {
          "label": "start_image",
          "name": "start_image",
          "shape": 7,
          "type": "IMAGE",
          "link": 173
        },
        {
          "label": "end_image",
          "name": "end_image",
          "shape": 7,
          "type": "IMAGE"
        },
        {
          "label": "control_embeds",
          "name": "control_embeds",
          "shape": 7,
          "type": "WANVIDIMAGE_EMBEDS"
        },
        {
          "label": "temporal_mask",
          "name": "temporal_mask",
          "shape": 7,
          "type": "MASK"
        },
        {
          "label": "extra_latents",
          "name": "extra_latents",
          "shape": 7,
          "type": "LATENT"
        },
        {
          "label": "add_cond_latents",
          "name": "add_cond_latents",
          "shape": 7,
          "type": "ADD_COND_LATENTS"
        },
        {
          "label": "width",
          "name": "width",
          "type": "INT",
          "widget": {
            "name": "width"
          },
          "link": 174
        },
        {
          "label": "height",
          "name": "height",
          "type": "INT",
          "widget": {
            "name": "height"
          },
          "link": 175
        },
        {
          "label": "num_frames",
          "name": "num_frames",
          "type": "INT",
          "widget": {
            "name": "num_frames"
          },
          "link": 216
        },
        {
          "label": "noise_aug_strength",
          "name": "noise_aug_strength",
          "type": "FLOAT",
          "widget": {
            "name": "noise_aug_strength"
          }
        },
        {
          "label": "start_latent_strength",
          "name": "start_latent_strength",
          "type": "FLOAT",
          "widget": {
            "name": "start_latent_strength"
          }
        },
        {
          "label": "end_latent_strength",
          "name": "end_latent_strength",
          "type": "FLOAT",
          "widget": {
            "name": "end_latent_strength"
          }
        },
        {
          "label": "force_offload",
          "name": "force_offload",
          "type": "BOOLEAN",
          "widget": {
            "name": "force_offload"
          }
        },
        {
          "label": "fun_or_fl2v_model",
          "name": "fun_or_fl2v_model",
          "shape": 7,
          "type": "BOOLEAN",
          "widget": {
            "name": "fun_or_fl2v_model"
          }
        },
        {
          "label": "tiled_vae",
          "name": "tiled_vae",
          "shape": 7,
          "type": "BOOLEAN",
          "widget": {
            "name": "tiled_vae"
          }
        }
      ],
      "outputs": [
        {
          "label": "image_embeds",
          "name": "image_embeds",
          "type": "WANVIDIMAGE_EMBEDS",
          "links": [
            316
          ]
        }
      ],
      "properties": {
        "cnr_id": "ComfyUI-WanVideoWrapper",
        "ver": "7e290c67bff1f906cdab84523018573f6c9d4d7f",
        "Node name for S&R": "WanVideoImageToVideoEncode",
        "widget_ue_connectable": {
          "width": true,
          "num_frames": true,
          "height": true
        }
      },
      "widgets_values": [
        832,
        480,
        81,
        0,
        1,
        1,
        true,
        false,
        false
      ],
      "color": "#2a363b",
      "bgcolor": "#3f5159"
    },
    {
      "id": 39,
      "type": "WanVideoBlockSwap",
      "pos": [
        -1100.861083984375,
        -5444.12890625
      ],
      "size": [
        221.404296875,
        202
      ],
      "flags": {},
      "order": 8,
      "mode": 0,
      "inputs": [
        {
          "label": "blocks_to_swap",
          "name": "blocks_to_swap",
          "type": "INT",
          "widget": {
            "name": "blocks_to_swap"
          }
        },
        {
          "label": "offload_img_emb",
          "name": "offload_img_emb",
          "type": "BOOLEAN",
          "widget": {
            "name": "offload_img_emb"
          }
        },
        {
          "label": "offload_txt_emb",
          "name": "offload_txt_emb",
          "type": "BOOLEAN",
          "widget": {
            "name": "offload_txt_emb"
          }
        },
        {
          "label": "use_non_blocking",
          "name": "use_non_blocking",
          "shape": 7,
          "type": "BOOLEAN",
          "widget": {
            "name": "use_non_blocking"
          }
        },
        {
          "label": "vace_blocks_to_swap",
          "name": "vace_blocks_to_swap",
          "shape": 7,
          "type": "INT",
          "widget": {
            "name": "vace_blocks_to_swap"
          }
        },
        {
          "label": "block_swap_debug",
          "name": "block_swap_debug",
          "shape": 7,
          "type": "BOOLEAN",
          "widget": {
            "name": "block_swap_debug"
          }
        }
      ],
      "outputs": [
        {
          "label": "block_swap_args",
          "name": "block_swap_args",
          "type": "BLOCKSWAPARGS",
          "slot_index": 0,
          "links": [
            315
          ]
        }
      ],
      "properties": {
        "cnr_id": "ComfyUI-WanVideoWrapper",
        "ver": "998a69cc0acbec503001b8b0ce0a5d5404420e1e",
        "Node name for S&R": "WanVideoBlockSwap",
        "widget_ue_connectable": {}
      },
      "widgets_values": [
        20,
        false,
        false,
        false,
        1
      ],
      "color": "#2a363b",
      "bgcolor": "#3f5159"
    },
    {
      "id": 91,
      "type": "INTConstant",
      "pos": [
        -1096.798583984375,
        -5178.61669921875
      ],
      "size": [
        210,
        58
      ],
      "flags": {},
      "order": 38,
      "mode": 0,
      "inputs": [
        {
          "label": "value",
          "name": "value",
          "type": "INT",
          "widget": {
            "name": "value"
          },
          "link": 219
        }
      ],
      "outputs": [
        {
          "label": "value",
          "name": "value",
          "type": "INT",
          "links": [
            411
          ]
        }
      ],
      "properties": {
        "cnr_id": "comfyui-kjnodes",
        "ver": "a6b867b63a29ca48ddb15c589e17a9f2d8530d57",
        "Node name for S&R": "INTConstant",
        "widget_ue_connectable": {
          "value": true
        }
      },
      "widgets_values": [
        4
      ],
      "color": "#2a363b",
      "bgcolor": "#3f5159"
    },
    {
      "id": 16,
      "type": "WanVideoTextEncode",
      "pos": [
        -2313.329345703125,
        -5489.810546875
      ],
      "size": [
        210,
        492.9988708496094
      ],
      "flags": {},
      "order": 32,
      "mode": 0,
      "inputs": [
        {
          "label": "t5",
          "name": "t5",
          "type": "WANTEXTENCODER",
          "link": 15
        },
        {
          "label": "model_to_offload",
          "name": "model_to_offload",
          "shape": 7,
          "type": "WANVIDEOMODEL"
        },
        {
          "label": "positive_prompt",
          "name": "positive_prompt",
          "type": "STRING",
          "widget": {
            "name": "positive_prompt"
          },
          "link": 309
        },
        {
          "label": "negative_prompt",
          "name": "negative_prompt",
          "type": "STRING",
          "widget": {
            "name": "negative_prompt"
          }
        },
        {
          "label": "force_offload",
          "name": "force_offload",
          "shape": 7,
          "type": "BOOLEAN",
          "widget": {
            "name": "force_offload"
          }
        },
        {
          "label": "device",
          "name": "device",
          "shape": 7,
          "type": "COMBO",
          "widget": {
            "name": "device"
          }
        }
      ],
      "outputs": [
        {
          "label": "text_embeds",
          "name": "text_embeds",
          "type": "WANVIDEOTEXTEMBEDS",
          "slot_index": 0,
          "links": [
            313
          ]
        }
      ],
      "properties": {
        "cnr_id": "ComfyUI-WanVideoWrapper",
        "ver": "998a69cc0acbec503001b8b0ce0a5d5404420e1e",
        "Node name for S&R": "WanVideoTextEncode",
        "widget_ue_connectable": {
          "positive_prompt": true
        }
      },
      "widgets_values": [
        "",
        "Vibrant colors, overexposure, static, blurred details, subtitles, style, artwork, painting, still image, overall grayness, worst quality, low quality, JPEG compression residue, ugly, mutilated, extra fingers, poorly drawn hands, poorly drawn faces, deformed, disfigured, malformed limbs, fused fingers, still image, cluttered background, three legs, crowded background, walking backwards",
        true,
        false,
        "gpu"
      ],
      "color": "#2a363b",
      "bgcolor": "#3f5159"
    },
    {
      "id": 134,
      "type": "SimpleMath+",
      "pos": [
        -1964.1534423828125,
        -4995.56494140625
      ],
      "size": [
        210,
        98
      ],
      "flags": {},
      "order": 29,
      "mode": 0,
      "inputs": [
        {
          "label": "a",
          "name": "a",
          "shape": 7,
          "type": "*",
          "link": 307
        },
        {
          "label": "b",
          "name": "b",
          "shape": 7,
          "type": "*"
        },
        {
          "label": "c",
          "name": "c",
          "shape": 7,
          "type": "*"
        },
        {
          "label": "value",
          "name": "value",
          "type": "STRING",
          "widget": {
            "name": "value"
          }
        }
      ],
      "outputs": [
        {
          "label": "INT",
          "name": "INT",
          "type": "INT",
          "links": [
            216
          ]
        },
        {
          "label": "FLOAT",
          "name": "FLOAT",
          "type": "FLOAT"
        }
      ],
      "properties": {
        "cnr_id": "comfyui_essentials",
        "ver": "9d9f4bedfc9f0321c19faf71855e228c93bd0dc9",
        "Node name for S&R": "SimpleMath+",
        "widget_ue_connectable": {}
      },
      "widgets_values": [
        "a*16+1"
      ],
      "color": "#2a363b",
      "bgcolor": "#3f5159"
    },
    {
      "id": 99,
      "type": "LayerUtility: ImageScaleByAspectRatio V2",
      "pos": [
        -2048.615478515625,
        -5384.3505859375
      ],
      "size": [
        303.6851501464844,
        330
      ],
      "flags": {},
      "order": 30,
      "mode": 0,
      "inputs": [
        {
          "label": "image",
          "name": "image",
          "shape": 7,
          "type": "IMAGE",
          "link": 302
        },
        {
          "label": "mask",
          "name": "mask",
          "shape": 7,
          "type": "MASK"
        },
        {
          "label": "aspect_ratio",
          "name": "aspect_ratio",
          "type": "COMBO",
          "widget": {
            "name": "aspect_ratio"
          }
        },
        {
          "label": "proportional_width",
          "name": "proportional_width",
          "type": "INT",
          "widget": {
            "name": "proportional_width"
          }
        },
        {
          "label": "proportional_height",
          "name": "proportional_height",
          "type": "INT",
          "widget": {
            "name": "proportional_height"
          }
        },
        {
          "label": "fit",
          "name": "fit",
          "type": "COMBO",
          "widget": {
            "name": "fit"
          }
        },
        {
          "label": "method",
          "name": "method",
          "type": "COMBO",
          "widget": {
            "name": "method"
          }
        },
        {
          "label": "round_to_multiple",
          "name": "round_to_multiple",
          "type": "COMBO",
          "widget": {
            "name": "round_to_multiple"
          }
        },
        {
          "label": "scale_to_side",
          "name": "scale_to_side",
          "type": "COMBO",
          "widget": {
            "name": "scale_to_side"
          }
        },
        {
          "label": "scale_to_length",
          "name": "scale_to_length",
          "type": "INT",
          "widget": {
            "name": "scale_to_length"
          },
          "link": 300
        },
        {
          "label": "background_color",
          "name": "background_color",
          "type": "STRING",
          "widget": {
            "name": "background_color"
          }
        }
      ],
      "outputs": [
        {
          "label": "image",
          "name": "image",
          "type": "IMAGE",
          "links": [
            173
          ]
        },
        {
          "label": "mask",
          "name": "mask",
          "type": "MASK"
        },
        {
          "label": "original_size",
          "name": "original_size",
          "type": "BOX"
        },
        {
          "label": "width",
          "name": "width",
          "type": "INT",
          "links": [
            174
          ]
        },
        {
          "label": "height",
          "name": "height",
          "type": "INT",
          "links": [
            175
          ]
        }
      ],
      "properties": {
        "cnr_id": "comfyui_layerstyle",
        "ver": "a46b1e6d26d45be9784c49f7065ba44700ef2b63",
        "Node name for S&R": "LayerUtility: ImageScaleByAspectRatio V2",
        "widget_ue_connectable": {}
      },
      "widgets_values": [
        "original",
        1,
        1,
        "crop",
        "lanczos",
        "16",
        "longest",
        720,
        "#000000"
      ],
      "color": "#2a363b",
      "bgcolor": "#3f5159"
    },
    {
      "id": 173,
      "type": "GetNode",
      "pos": [
        -2049.989990234375,
        -5464.63037109375
      ],
      "size": [
        210,
        58
      ],
      "flags": {
        "collapsed": true
      },
      "order": 9,
      "mode": 0,
      "inputs": [],
      "outputs": [
        {
          "label": "IMAGE",
          "name": "IMAGE",
          "type": "IMAGE",
          "links": [
            302
          ]
        }
      ],
      "title": "Get_Image",
      "properties": {
        "widget_ue_connectable": {}
      },
      "widgets_values": [
        "Image"
      ],
      "color": "#2a363b",
      "bgcolor": "#3f5159"
    },
    {
      "id": 179,
      "type": "GetNode",
      "pos": [
        -2512.534912109375,
        -5303.22998046875
      ],
      "size": [
        210,
        58
      ],
      "flags": {
        "collapsed": true
      },
      "order": 10,
      "mode": 0,
      "inputs": [],
      "outputs": [
        {
          "label": "STRING",
          "name": "STRING",
          "type": "STRING",
          "links": [
            309
          ]
        }
      ],
      "title": "Get_Prompt",
      "properties": {
        "widget_ue_connectable": {}
      },
      "widgets_values": [
        "Prompt"
      ],
      "color": "#1b4669",
      "bgcolor": "#29699c"
    },
    {
      "id": 177,
      "type": "GetNode",
      "pos": [
        -2511.615234375,
        -4970.53271484375
      ],
      "size": [
        210,
        58
      ],
      "flags": {
        "collapsed": true
      },
      "order": 11,
      "mode": 0,
      "inputs": [],
      "outputs": [
        {
          "label": "INT",
          "name": "INT",
          "type": "INT",
          "links": [
            307
          ]
        }
      ],
      "title": "Get_Duration",
      "properties": {
        "widget_ue_connectable": {}
      },
      "widgets_values": [
        "Duration"
      ],
      "color": "#1b4669",
      "bgcolor": "#29699c"
    },
    {
      "id": 171,
      "type": "GetNode",
      "pos": [
        -2510.71142578125,
        -5086.3115234375
      ],
      "size": [
        210,
        60
      ],
      "flags": {
        "collapsed": true
      },
      "order": 12,
      "mode": 0,
      "inputs": [],
      "outputs": [
        {
          "label": "INT",
          "name": "INT",
          "type": "INT",
          "links": [
            300
          ]
        }
      ],
      "title": "Get_long size",
      "properties": {
        "widget_ue_connectable": {}
      },
      "widgets_values": [
        "long size"
      ],
      "color": "#1b4669",
      "bgcolor": "#29699c"
    },
    {
      "id": 176,
      "type": "GetNode",
      "pos": [
        -2509.693115234375,
        -5170.35986328125
      ],
      "size": [
        210,
        50
      ],
      "flags": {
        "collapsed": true
      },
      "order": 13,
      "mode": 0,
      "inputs": [],
      "outputs": [
        {
          "label": "INT",
          "name": "INT",
          "type": "INT",
          "links": [
            306
          ]
        }
      ],
      "title": "Get_Steps",
      "properties": {
        "widget_ue_connectable": {}
      },
      "widgets_values": [
        "Steps"
      ],
      "color": "#1b4669",
      "bgcolor": "#29699c"
    },
    {
      "id": 11,
      "type": "LoadWanVideoT5TextEncoder",
      "pos": [
        -2702.634765625,
        -5489.2841796875
      ],
      "size": [
        325.0505676269531,
        130
      ],
      "flags": {},
      "order": 14,
      "mode": 0,
      "inputs": [
        {
          "label": "model_name",
          "name": "model_name",
          "type": "COMBO",
          "widget": {
            "name": "model_name"
          }
        },
        {
          "label": "precision",
          "name": "precision",
          "type": "COMBO",
          "widget": {
            "name": "precision"
          }
        },
        {
          "label": "load_device",
          "name": "load_device",
          "shape": 7,
          "type": "COMBO",
          "widget": {
            "name": "load_device"
          }
        },
        {
          "label": "quantization",
          "name": "quantization",
          "shape": 7,
          "type": "COMBO",
          "widget": {
            "name": "quantization"
          }
        }
      ],
      "outputs": [
        {
          "label": "wan_t5_model",
          "name": "wan_t5_model",
          "type": "WANTEXTENCODER",
          "slot_index": 0,
          "links": [
            15
          ]
        }
      ],
      "properties": {
        "cnr_id": "ComfyUI-WanVideoWrapper",
        "ver": "998a69cc0acbec503001b8b0ce0a5d5404420e1e",
        "Node name for S&R": "LoadWanVideoT5TextEncoder",
        "widget_ue_connectable": {}
      },
      "widgets_values": [
        "umt5-xxl-enc-bf16.safetensors",
        "bf16",
        "offload_device",
        "disabled"
      ],
      "color": "#2a363b",
      "bgcolor": "#3f5159"
    },
    {
      "id": 178,
      "type": "SetNode",
      "pos": [
        -1027.552734375,
        -6145.53564453125
      ],
      "size": [
        210,
        58
      ],
      "flags": {
        "collapsed": false
      },
      "order": 39,
      "mode": 0,
      "inputs": [
        {
          "label": "STRING",
          "name": "STRING",
          "type": "STRING",
          "link": 451
        }
      ],
      "outputs": [
        {
          "label": "*",
          "name": "*",
          "type": "*"
        }
      ],
      "title": "Set_Prompt",
      "properties": {
        "previousName": "Prompt",
        "widget_ue_connectable": {}
      },
      "widgets_values": [
        "Prompt"
      ],
      "color": "#1b4669",
      "bgcolor": "#29699c"
    },
    {
      "id": 137,
      "type": "LoadImage",
      "pos": [
        -2718.73974609375,
        -6361.18408203125
      ],
      "size": [
        499.66607666015625,
        657.7557373046875
      ],
      "flags": {},
      "order": 15,
      "mode": 0,
      "inputs": [
        {
          "label": "image",
          "name": "image",
          "type": "COMBO",
          "widget": {
            "name": "image"
          }
        },
        {
          "label": "upload",
          "name": "upload",
          "type": "IMAGEUPLOAD",
          "widget": {
            "name": "upload"
          }
        }
      ],
      "outputs": [
        {
          "label": "IMAGE",
          "name": "IMAGE",
          "type": "IMAGE",
          "links": [
            301
          ]
        },
        {
          "label": "MASK",
          "name": "MASK",
          "type": "MASK"
        }
      ],
      "properties": {
        "cnr_id": "comfy-core",
        "ver": "0.3.44",
        "Node name for S&R": "LoadImage",
        "widget_ue_connectable": {},
        "ttNbgOverride": {
          "color": "rgba(0,0,0,.8)",
          "groupcolor": "#444"
        }
      },
      "widgets_values": [
        "c5c63400289ae9b2ca9a93ed9d428491a1f564a167b4f88ee969839580f054b8.jpg",
        "image"
      ],
      "color": "rgba(0,0,0,.8)"
    },
    {
      "id": 92,
      "type": "WanVideoSetBlockSwap",
      "pos": [
        -453.38604736328125,
        -5201.640625
      ],
      "size": [
        201.76815795898438,
        46
      ],
      "flags": {},
      "order": 45,
      "mode": 0,
      "inputs": [
        {
          "label": "model",
          "name": "model",
          "type": "WANVIDEOMODEL",
          "link": 155
        },
        {
          "label": "block_swap_args",
          "name": "block_swap_args",
          "type": "BLOCKSWAPARGS",
          "link": 407
        }
      ],
      "outputs": [
        {
          "label": "model",
          "name": "model",
          "type": "WANVIDEOMODEL",
          "links": [
            157
          ]
        }
      ],
      "properties": {
        "cnr_id": "ComfyUI-WanVideoWrapper",
        "ver": "7e290c67bff1f906cdab84523018573f6c9d4d7f",
        "Node name for S&R": "WanVideoSetBlockSwap",
        "widget_ue_connectable": {}
      },
      "widgets_values": [],
      "color": "#223",
      "bgcolor": "#335"
    },
    {
      "id": 80,
      "type": "WanVideoSetLoRAs",
      "pos": [
        -180.8771209716797,
        -5204.52783203125
      ],
      "size": [
        174.53378295898438,
        46
      ],
      "flags": {},
      "order": 46,
      "mode": 0,
      "inputs": [
        {
          "label": "model",
          "name": "model",
          "type": "WANVIDEOMODEL",
          "link": 157
        },
        {
          "label": "lora",
          "name": "lora",
          "shape": 7,
          "type": "WANVIDLORA",
          "link": 110
        }
      ],
      "outputs": [
        {
          "label": "model",
          "name": "model",
          "type": "WANVIDEOMODEL",
          "links": [
            109
          ]
        }
      ],
      "properties": {
        "Node name for S&R": "WanVideoSetLoRAs",
        "cnr_id": "ComfyUI-WanVideoWrapper",
        "ver": "998a69cc0acbec503001b8b0ce0a5d5404420e1e",
        "widget_ue_connectable": {}
      },
      "widgets_values": [],
      "color": "#223",
      "bgcolor": "#335"
    },
    {
      "id": 22,
      "type": "WanVideoModelLoader",
      "pos": [
        -480.1526794433594,
        -5075.48388671875
      ],
      "size": [
        471.9672546386719,
        294
      ],
      "flags": {},
      "order": 43,
      "mode": 0,
      "inputs": [
        {
          "label": "compile_args",
          "name": "compile_args",
          "shape": 7,
          "type": "WANCOMPILEARGS"
        },
        {
          "label": "block_swap_args",
          "name": "block_swap_args",
          "shape": 7,
          "type": "BLOCKSWAPARGS",
          "link": 406
        },
        {
          "label": "lora",
          "name": "lora",
          "shape": 7,
          "type": "WANVIDLORA"
        },
        {
          "label": "vram_management_args",
          "name": "vram_management_args",
          "shape": 7,
          "type": "VRAM_MANAGEMENTARGS"
        },
        {
          "label": "vace_model",
          "name": "vace_model",
          "shape": 7,
          "type": "VACEPATH"
        },
        {
          "label": "fantasytalking_model",
          "name": "fantasytalking_model",
          "shape": 7,
          "type": "FANTASYTALKINGMODEL"
        },
        {
          "label": "multitalk_model",
          "name": "multitalk_model",
          "shape": 7,
          "type": "MULTITALKMODEL"
        },
        {
          "label": "model",
          "name": "model",
          "type": "COMBO",
          "widget": {
            "name": "model"
          }
        },
        {
          "label": "base_precision",
          "name": "base_precision",
          "type": "COMBO",
          "widget": {
            "name": "base_precision"
          }
        },
        {
          "label": "quantization",
          "name": "quantization",
          "type": "COMBO",
          "widget": {
            "name": "quantization"
          }
        },
        {
          "label": "load_device",
          "name": "load_device",
          "type": "COMBO",
          "widget": {
            "name": "load_device"
          }
        },
        {
          "label": "attention_mode",
          "name": "attention_mode",
          "shape": 7,
          "type": "COMBO",
          "widget": {
            "name": "attention_mode"
          }
        },
        {
          "label": "fantasyportrait_model",
          "name": "fantasyportrait_model",
          "shape": 7,
          "type": "FANTASYPORTRAITMODEL"
        }
      ],
      "outputs": [
        {
          "label": "model",
          "name": "model",
          "type": "WANVIDEOMODEL",
          "slot_index": 0,
          "links": [
            155
          ]
        }
      ],
      "properties": {
        "cnr_id": "ComfyUI-WanVideoWrapper",
        "ver": "998a69cc0acbec503001b8b0ce0a5d5404420e1e",
        "Node name for S&R": "WanVideoModelLoader",
        "widget_ue_connectable": {}
      },
      "widgets_values": [
        "Wan2_2-I2V-A14B-HIGH_fp8_e4m3fn_scaled_KJ.safetensors",
        "bf16",
        "fp8_e4m3fn_scaled",
        "offload_device",
        "sageattn"
      ],
      "color": "#223",
      "bgcolor": "#335"
    },
    {
      "id": 95,
      "type": "CreateCFGScheduleFloatList",
      "pos": [
        22.166393280029297,
        -4967.6328125
      ],
      "size": [
        298.3199157714844,
        178
      ],
      "flags": {},
      "order": 34,
      "mode": 0,
      "inputs": [
        {
          "label": "steps",
          "name": "steps",
          "type": "INT",
          "widget": {
            "name": "steps"
          },
          "link": 305
        },
        {
          "label": "cfg_scale_start",
          "name": "cfg_scale_start",
          "type": "FLOAT",
          "widget": {
            "name": "cfg_scale_start"
          }
        },
        {
          "label": "cfg_scale_end",
          "name": "cfg_scale_end",
          "type": "FLOAT",
          "widget": {
            "name": "cfg_scale_end"
          }
        },
        {
          "label": "interpolation",
          "name": "interpolation",
          "type": "COMBO",
          "widget": {
            "name": "interpolation"
          }
        },
        {
          "label": "start_percent",
          "name": "start_percent",
          "type": "FLOAT",
          "widget": {
            "name": "start_percent"
          }
        },
        {
          "label": "end_percent",
          "name": "end_percent",
          "type": "FLOAT",
          "widget": {
            "name": "end_percent"
          }
        }
      ],
      "outputs": [
        {
          "label": "float_list",
          "name": "float_list",
          "type": "FLOAT",
          "links": [
            167
          ]
        }
      ],
      "properties": {
        "cnr_id": "ComfyUI-WanVideoWrapper",
        "ver": "7e290c67bff1f906cdab84523018573f6c9d4d7f",
        "Node name for S&R": "CreateCFGScheduleFloatList",
        "widget_ue_connectable": {
          "steps": true
        }
      },
      "widgets_values": [
        30,
        2,
        2,
        "linear",
        0,
        0.01
      ],
      "color": "#223",
      "bgcolor": "#335"
    },
    {
      "id": 175,
      "type": "GetNode",
      "pos": [
        25.20627784729004,
        -5415.01123046875
      ],
      "size": [
        210,
        58
      ],
      "flags": {
        "collapsed": false
      },
      "order": 16,
      "mode": 0,
      "inputs": [],
      "outputs": [
        {
          "label": "INT",
          "name": "INT",
          "type": "INT",
          "links": [
            304,
            305
          ]
        }
      ],
      "title": "Get_Steps",
      "properties": {
        "widget_ue_connectable": {}
      },
      "widgets_values": [
        "Steps"
      ],
      "color": "#1b4669",
      "bgcolor": "#29699c"
    },
    {
      "id": 27,
      "type": "WanVideoSampler",
      "pos": [
        347.47662353515625,
        -5455.46337890625
      ],
      "size": [
        267.80859375,
        690
      ],
      "flags": {},
      "order": 49,
      "mode": 0,
      "inputs": [
        {
          "label": "model",
          "name": "model",
          "type": "WANVIDEOMODEL",
          "link": 109
        },
        {
          "label": "image_embeds",
          "name": "image_embeds",
          "type": "WANVIDIMAGE_EMBEDS",
          "link": 410
        },
        {
          "label": "text_embeds",
          "name": "text_embeds",
          "shape": 7,
          "type": "WANVIDEOTEXTEMBEDS",
          "link": 404
        },
        {
          "label": "samples",
          "name": "samples",
          "shape": 7,
          "type": "LATENT"
        },
        {
          "label": "feta_args",
          "name": "feta_args",
          "shape": 7,
          "type": "FETAARGS"
        },
        {
          "label": "context_options",
          "name": "context_options",
          "shape": 7,
          "type": "WANVIDCONTEXT"
        },
        {
          "label": "cache_args",
          "name": "cache_args",
          "shape": 7,
          "type": "CACHEARGS"
        },
        {
          "label": "flowedit_args",
          "name": "flowedit_args",
          "shape": 7,
          "type": "FLOWEDITARGS"
        },
        {
          "label": "slg_args",
          "name": "slg_args",
          "shape": 7,
          "type": "SLGARGS"
        },
        {
          "label": "loop_args",
          "name": "loop_args",
          "shape": 7,
          "type": "LOOPARGS"
        },
        {
          "label": "experimental_args",
          "name": "experimental_args",
          "shape": 7,
          "type": "EXPERIMENTALARGS"
        },
        {
          "label": "sigmas",
          "name": "sigmas",
          "shape": 7,
          "type": "SIGMAS"
        },
        {
          "label": "unianimate_poses",
          "name": "unianimate_poses",
          "shape": 7,
          "type": "UNIANIMATE_POSE"
        },
        {
          "label": "fantasytalking_embeds",
          "name": "fantasytalking_embeds",
          "shape": 7,
          "type": "FANTASYTALKING_EMBEDS"
        },
        {
          "label": "uni3c_embeds",
          "name": "uni3c_embeds",
          "shape": 7,
          "type": "UNI3C_EMBEDS"
        },
        {
          "label": "multitalk_embeds",
          "name": "multitalk_embeds",
          "shape": 7,
          "type": "MULTITALK_EMBEDS"
        },
        {
          "label": "steps",
          "name": "steps",
          "type": "INT",
          "widget": {
            "name": "steps"
          },
          "link": 304
        },
        {
          "label": "cfg",
          "name": "cfg",
          "type": "FLOAT",
          "widget": {
            "name": "cfg"
          },
          "link": 167
        },
        {
          "label": "shift",
          "name": "shift",
          "type": "FLOAT",
          "widget": {
            "name": "shift"
          }
        },
        {
          "label": "seed",
          "name": "seed",
          "type": "INT",
          "widget": {
            "name": "seed"
          }
        },
        {
          "label": "force_offload",
          "name": "force_offload",
          "type": "BOOLEAN",
          "widget": {
            "name": "force_offload"
          }
        },
        {
          "label": "scheduler",
          "name": "scheduler",
          "type": "COMBO",
          "widget": {
            "name": "scheduler"
          }
        },
        {
          "label": "riflex_freq_index",
          "name": "riflex_freq_index",
          "type": "INT",
          "widget": {
            "name": "riflex_freq_index"
          }
        },
        {
          "label": "denoise_strength",
          "name": "denoise_strength",
          "shape": 7,
          "type": "FLOAT",
          "widget": {
            "name": "denoise_strength"
          }
        },
        {
          "label": "batched_cfg",
          "name": "batched_cfg",
          "shape": 7,
          "type": "BOOLEAN",
          "widget": {
            "name": "batched_cfg"
          }
        },
        {
          "label": "rope_function",
          "name": "rope_function",
          "shape": 7,
          "type": "COMBO",
          "widget": {
            "name": "rope_function"
          }
        },
        {
          "label": "freeinit_args",
          "name": "freeinit_args",
          "shape": 7,
          "type": "FREEINITARGS"
        },
        {
          "label": "end_step",
          "name": "end_step",
          "shape": 7,
          "type": "INT",
          "widget": {
            "name": "end_step"
          },
          "link": 413
        }
      ],
      "outputs": [
        {
          "label": "samples",
          "name": "samples",
          "type": "LATENT",
          "slot_index": 0,
          "links": [
            143
          ]
        },
        {
          "label": "denoised_samples",
          "name": "denoised_samples",
          "type": "LATENT"
        }
      ],
      "properties": {
        "cnr_id": "ComfyUI-WanVideoWrapper",
        "ver": "998a69cc0acbec503001b8b0ce0a5d5404420e1e",
        "Node name for S&R": "WanVideoSampler",
        "widget_ue_connectable": {
          "seed": true,
          "cfg": true,
          "end_step": true,
          "steps": true
        }
      },
      "widgets_values": [
        6,
        1,
        8,
        123456782121,
        "fixed",
        true,
        "unipc",
        0,
        1,
        false,
        "comfy"
      ],
      "color": "#223",
      "bgcolor": "#335"
    },
    {
      "id": 97,
      "type": "WanVideoLoraSelect",
      "pos": [
        829.6743774414062,
        -4921.28076171875
      ],
      "size": [
        465.0347595214844,
        150
      ],
      "flags": {},
      "order": 17,
      "mode": 0,
      "inputs": [
        {
          "label": "prev_lora",
          "name": "prev_lora",
          "shape": 7,
          "type": "WANVIDLORA"
        },
        {
          "label": "blocks",
          "name": "blocks",
          "shape": 7,
          "type": "SELECTEDBLOCKS"
        },
        {
          "label": "lora",
          "name": "lora",
          "type": "COMBO",
          "widget": {
            "name": "lora"
          }
        },
        {
          "label": "strength",
          "name": "strength",
          "type": "FLOAT",
          "widget": {
            "name": "strength"
          }
        },
        {
          "label": "low_mem_load",
          "name": "low_mem_load",
          "shape": 7,
          "type": "BOOLEAN",
          "widget": {
            "name": "low_mem_load"
          }
        }
      ],
      "outputs": [
        {
          "label": "lora",
          "name": "lora",
          "type": "WANVIDLORA",
          "links": [
            169
          ]
        }
      ],
      "properties": {
        "cnr_id": "ComfyUI-WanVideoWrapper",
        "ver": "998a69cc0acbec503001b8b0ce0a5d5404420e1e",
        "Node name for S&R": "WanVideoLoraSelect",
        "widget_ue_connectable": {}
      },
      "widgets_values": [
        "Wan21_I2V_14B_lightx2v_cfg_step_distill_lora_rank64.safetensors",
        1.0109000000000001,
        true
      ],
      "color": "#223",
      "bgcolor": "#335"
    },
    {
      "id": 79,
      "type": "WanVideoSetLoRAs",
      "pos": [
        1081.2540283203125,
        -5044.32470703125
      ],
      "size": [
        222.27981567382812,
        46
      ],
      "flags": {},
      "order": 47,
      "mode": 0,
      "inputs": [
        {
          "label": "model",
          "name": "model",
          "type": "WANVIDEOMODEL",
          "link": 161
        },
        {
          "label": "lora",
          "name": "lora",
          "shape": 7,
          "type": "WANVIDLORA",
          "link": 169
        }
      ],
      "outputs": [
        {
          "label": "model",
          "name": "model",
          "type": "WANVIDEOMODEL",
          "links": [
            144
          ]
        }
      ],
      "properties": {
        "Node name for S&R": "WanVideoSetLoRAs",
        "cnr_id": "ComfyUI-WanVideoWrapper",
        "ver": "998a69cc0acbec503001b8b0ce0a5d5404420e1e",
        "widget_ue_connectable": {}
      },
      "widgets_values": [],
      "color": "#223",
      "bgcolor": "#335"
    },
    {
      "id": 174,
      "type": "GetNode",
      "pos": [
        1367.5753173828125,
        -5120.80322265625
      ],
      "size": [
        210,
        50
      ],
      "flags": {
        "collapsed": true
      },
      "order": 18,
      "mode": 0,
      "inputs": [],
      "outputs": [
        {
          "label": "INT",
          "name": "INT",
          "type": "INT",
          "links": [
            303
          ]
        }
      ],
      "title": "Get_Steps",
      "properties": {
        "widget_ue_connectable": {}
      },
      "widgets_values": [
        "Steps"
      ],
      "color": "#1b4669",
      "bgcolor": "#29699c"
    },
    {
      "id": 184,
      "type": "Pipe to/edit any [Crystools]",
      "pos": [
        -824.5648803710938,
        -5505.576171875
      ],
      "size": [
        151.72265625,
        146
      ],
      "flags": {},
      "order": 40,
      "mode": 0,
      "inputs": [
        {
          "label": "CPipeAny",
          "name": "CPipeAny",
          "shape": 7,
          "type": "CPipeAny"
        },
        {
          "label": "any_1",
          "name": "any_1",
          "shape": 7,
          "type": "*",
          "link": 313
        },
        {
          "label": "any_2",
          "name": "any_2",
          "shape": 7,
          "type": "*",
          "link": 314
        },
        {
          "label": "any_3",
          "name": "any_3",
          "shape": 7,
          "type": "*",
          "link": 315
        },
        {
          "label": "any_4",
          "name": "any_4",
          "shape": 7,
          "type": "*",
          "link": 316
        },
        {
          "label": "any_5",
          "name": "any_5",
          "shape": 7,
          "type": "*",
          "link": 411
        },
        {
          "label": "any_6",
          "name": "any_6",
          "shape": 7,
          "type": "*"
        }
      ],
      "outputs": [
        {
          "label": "CPipeAny",
          "name": "CPipeAny",
          "type": "CPipeAny",
          "links": [
            312
          ]
        }
      ],
      "properties": {
        "cnr_id": "comfyui-crystools",
        "ver": "1.22.1",
        "Node name for S&R": "Pipe to/edit any [Crystools]",
        "widget_ue_connectable": {},
        "ttNbgOverride": {
          "color": "rgba(0,0,0,.8)",
          "groupcolor": "#444"
        }
      },
      "widgets_values": [],
      "color": "rgba(0,0,0,.8)"
    },
    {
      "id": 93,
      "type": "WanVideoSetBlockSwap",
      "pos": [
        837.3440551757812,
        -5045.640625
      ],
      "size": [
        201.76815795898438,
        46
      ],
      "flags": {},
      "order": 46,
      "mode": 0,
      "inputs": [
        {
          "label": "model",
          "name": "model",
          "type": "WANVIDEOMODEL",
          "link": 160
        },
        {
          "label": "block_swap_args",
          "name": "block_swap_args",
          "type": "BLOCKSWAPARGS",
          "link": 430
        }
      ],
      "outputs": [
        {
          "label": "model",
          "name": "model",
          "type": "WANVIDEOMODEL",
          "links": [
            161
          ]
        }
      ],
      "properties": {
        "cnr_id": "ComfyUI-WanVideoWrapper",
        "ver": "7e290c67bff1f906cdab84523018573f6c9d4d7f",
        "Node name for S&R": "WanVideoSetBlockSwap",
        "widget_ue_connectable": {}
      },
      "widgets_values": [],
      "color": "#223",
      "bgcolor": "#335"
    },
    {
      "id": 56,
      "type": "WanVideoLoraSelect",
      "pos": [
        -479.2248229980469,
        -5434.94873046875
      ],
      "size": [
        471.3232116699219,
        150
      ],
      "flags": {},
      "order": 19,
      "mode": 0,
      "inputs": [
        {
          "label": "prev_lora",
          "name": "prev_lora",
          "shape": 7,
          "type": "WANVIDLORA"
        },
        {
          "label": "blocks",
          "name": "blocks",
          "shape": 7,
          "type": "SELECTEDBLOCKS"
        },
        {
          "label": "lora",
          "name": "lora",
          "type": "COMBO",
          "widget": {
            "name": "lora"
          }
        },
        {
          "label": "strength",
          "name": "strength",
          "type": "FLOAT",
          "widget": {
            "name": "strength"
          }
        },
        {
          "label": "low_mem_load",
          "name": "low_mem_load",
          "shape": 7,
          "type": "BOOLEAN",
          "widget": {
            "name": "low_mem_load"
          }
        }
      ],
      "outputs": [
        {
          "label": "lora",
          "name": "lora",
          "type": "WANVIDLORA",
          "links": [
            110
          ]
        }
      ],
      "properties": {
        "cnr_id": "ComfyUI-WanVideoWrapper",
        "ver": "998a69cc0acbec503001b8b0ce0a5d5404420e1e",
        "Node name for S&R": "WanVideoLoraSelect",
        "widget_ue_connectable": {}
      },
      "widgets_values": [
        "Wan21_I2V_14B_lightx2v_cfg_step_distill_lora_rank64.safetensors",
        3,
        true
      ],
      "color": "#223",
      "bgcolor": "#335"
    },
    {
      "id": 183,
      "type": "Pipe from any [Crystools]",
      "pos": [
        -504.48974609375,
        -5486.72119140625
      ],
      "size": [
        151.72265625,
        146
      ],
      "flags": {
        "collapsed": true
      },
      "order": 41,
      "mode": 0,
      "inputs": [
        {
          "label": "CPipeAny",
          "name": "CPipeAny",
          "type": "CPipeAny",
          "link": 312
        }
      ],
      "outputs": [
        {
          "label": "CPipeAny",
          "name": "CPipeAny",
          "type": "CPipeAny",
          "links": [
            431
          ]
        },
        {
          "label": "any_1",
          "name": "any_1",
          "type": "*",
          "links": [
            404
          ]
        },
        {
          "label": "any_2",
          "name": "any_2",
          "type": "*",
          "links": [
            406
          ]
        },
        {
          "label": "any_3",
          "name": "any_3",
          "type": "*",
          "links": [
            407
          ]
        },
        {
          "label": "any_4",
          "name": "any_4",
          "type": "*",
          "links": [
            410
          ]
        },
        {
          "label": "any_5",
          "name": "any_5",
          "type": "*",
          "links": [
            413
          ]
        },
        {
          "label": "any_6",
          "name": "any_6",
          "type": "*"
        }
      ],
      "properties": {
        "cnr_id": "comfyui-crystools",
        "ver": "1.22.1",
        "Node name for S&R": "Pipe from any [Crystools]",
        "widget_ue_connectable": {},
        "ttNbgOverride": {
          "color": "rgba(0,0,0,.8)",
          "groupcolor": "#444"
        }
      },
      "widgets_values": [],
      "color": "rgba(0,0,0,.8)"
    },
    {
      "id": 71,
      "type": "WanVideoModelLoader",
      "pos": [
        828.9957885742188,
        -5426.13916015625
      ],
      "size": [
        466.6115417480469,
        297.3841857910156
      ],
      "flags": {},
      "order": 44,
      "mode": 0,
      "inputs": [
        {
          "label": "compile_args",
          "name": "compile_args",
          "shape": 7,
          "type": "WANCOMPILEARGS"
        },
        {
          "label": "block_swap_args",
          "name": "block_swap_args",
          "shape": 7,
          "type": "BLOCKSWAPARGS",
          "link": 429
        },
        {
          "label": "lora",
          "name": "lora",
          "shape": 7,
          "type": "WANVIDLORA"
        },
        {
          "label": "vram_management_args",
          "name": "vram_management_args",
          "shape": 7,
          "type": "VRAM_MANAGEMENTARGS"
        },
        {
          "label": "vace_model",
          "name": "vace_model",
          "shape": 7,
          "type": "VACEPATH"
        },
        {
          "label": "fantasytalking_model",
          "name": "fantasytalking_model",
          "shape": 7,
          "type": "FANTASYTALKINGMODEL"
        },
        {
          "label": "multitalk_model",
          "name": "multitalk_model",
          "shape": 7,
          "type": "MULTITALKMODEL"
        },
        {
          "label": "model",
          "name": "model",
          "type": "COMBO",
          "widget": {
            "name": "model"
          }
        },
        {
          "label": "base_precision",
          "name": "base_precision",
          "type": "COMBO",
          "widget": {
            "name": "base_precision"
          }
        },
        {
          "label": "quantization",
          "name": "quantization",
          "type": "COMBO",
          "widget": {
            "name": "quantization"
          }
        },
        {
          "label": "load_device",
          "name": "load_device",
          "type": "COMBO",
          "widget": {
            "name": "load_device"
          }
        },
        {
          "label": "attention_mode",
          "name": "attention_mode",
          "shape": 7,
          "type": "COMBO",
          "widget": {
            "name": "attention_mode"
          }
        },
        {
          "label": "fantasyportrait_model",
          "name": "fantasyportrait_model",
          "shape": 7,
          "type": "FANTASYPORTRAITMODEL"
        }
      ],
      "outputs": [
        {
          "label": "model",
          "name": "model",
          "type": "WANVIDEOMODEL",
          "slot_index": 0,
          "links": [
            160
          ]
        }
      ],
      "properties": {
        "cnr_id": "ComfyUI-WanVideoWrapper",
        "ver": "998a69cc0acbec503001b8b0ce0a5d5404420e1e",
        "Node name for S&R": "WanVideoModelLoader",
        "widget_ue_connectable": {}
      },
      "widgets_values": [
        "Wan2_2-I2V-A14B-LOW_fp8_e4m3fn_scaled_KJ.safetensors",
        "bf16",
        "fp8_e4m3fn_scaled",
        "offload_device",
        "sageattn"
      ],
      "color": "#223",
      "bgcolor": "#335"
    },
    {
      "id": 189,
      "type": "Pipe from any [Crystools]",
      "pos": [
        794.3219604492188,
        -5480.49853515625
      ],
      "size": [
        151.72265625,
        146
      ],
      "flags": {
        "collapsed": true
      },
      "order": 42,
      "mode": 0,
      "inputs": [
        {
          "label": "CPipeAny",
          "name": "CPipeAny",
          "type": "CPipeAny",
          "link": 431
        }
      ],
      "outputs": [
        {
          "label": "CPipeAny",
          "name": "CPipeAny",
          "type": "CPipeAny"
        },
        {
          "label": "any_1",
          "name": "any_1",
          "type": "*",
          "links": [
            428
          ]
        },
        {
          "label": "any_2",
          "name": "any_2",
          "type": "*",
          "links": [
            429
          ]
        },
        {
          "label": "any_3",
          "name": "any_3",
          "type": "*",
          "links": [
            430
          ]
        },
        {
          "label": "any_4",
          "name": "any_4",
          "type": "*",
          "links": [
            427
          ]
        },
        {
          "label": "any_5",
          "name": "any_5",
          "type": "*",
          "links": []
        },
        {
          "label": "any_6",
          "name": "any_6",
          "type": "*"
        }
      ],
      "properties": {
        "cnr_id": "comfyui-crystools",
        "ver": "1.22.1",
        "Node name for S&R": "Pipe from any [Crystools]",
        "widget_ue_connectable": {},
        "ttNbgOverride": {
          "color": "rgba(0,0,0,.8)",
          "groupcolor": "#444"
        }
      },
      "widgets_values": [],
      "color": "rgba(0,0,0,.8)"
    },
    {
      "id": 150,
      "type": "Label (rgthree)",
      "pos": [
        -3011.18212890625,
        -7072.056640625
      ],
      "size": [
        5418.359375,
        400
      ],
      "flags": {
        "allow_interaction": true
      },
      "order": 20,
      "mode": 0,
      "inputs": [],
      "outputs": [],
      "title": "wan2.2 Image 2 Video by:BBS",
      "properties": {
        "fontSize": 400,
        "fontFamily": "Arial",
        "fontColor": "#000",
        "textAlign": "left",
        "backgroundColor": "#fff",
        "padding": 0,
        "borderRadius": 0,
        "widget_ue_connectable": {}
      },
      "color": "#fff0",
      "bgcolor": "#fff0"
    },
    {
      "id": 90,
      "type": "WanVideoSampler",
      "pos": [
        1346.0767822265625,
        -5445.31591796875
      ],
      "size": [
        417.5641174316406,
        690
      ],
      "flags": {},
      "order": 50,
      "mode": 0,
      "inputs": [
        {
          "label": "model",
          "name": "model",
          "type": "WANVIDEOMODEL",
          "link": 144
        },
        {
          "label": "image_embeds",
          "name": "image_embeds",
          "type": "WANVIDIMAGE_EMBEDS",
          "link": 427
        },
        {
          "label": "text_embeds",
          "name": "text_embeds",
          "shape": 7,
          "type": "WANVIDEOTEXTEMBEDS",
          "link": 428
        },
        {
          "label": "samples",
          "name": "samples",
          "shape": 7,
          "type": "LATENT",
          "link": 143
        },
        {
          "label": "feta_args",
          "name": "feta_args",
          "shape": 7,
          "type": "FETAARGS"
        },
        {
          "label": "context_options",
          "name": "context_options",
          "shape": 7,
          "type": "WANVIDCONTEXT"
        },
        {
          "label": "cache_args",
          "name": "cache_args",
          "shape": 7,
          "type": "CACHEARGS"
        },
        {
          "label": "flowedit_args",
          "name": "flowedit_args",
          "shape": 7,
          "type": "FLOWEDITARGS"
        },
        {
          "label": "slg_args",
          "name": "slg_args",
          "shape": 7,
          "type": "SLGARGS"
        },
        {
          "label": "loop_args",
          "name": "loop_args",
          "shape": 7,
          "type": "LOOPARGS"
        },
        {
          "label": "experimental_args",
          "name": "experimental_args",
          "shape": 7,
          "type": "EXPERIMENTALARGS"
        },
        {
          "label": "sigmas",
          "name": "sigmas",
          "shape": 7,
          "type": "SIGMAS"
        },
        {
          "label": "unianimate_poses",
          "name": "unianimate_poses",
          "shape": 7,
          "type": "UNIANIMATE_POSE"
        },
        {
          "label": "fantasytalking_embeds",
          "name": "fantasytalking_embeds",
          "shape": 7,
          "type": "FANTASYTALKING_EMBEDS"
        },
        {
          "label": "uni3c_embeds",
          "name": "uni3c_embeds",
          "shape": 7,
          "type": "UNI3C_EMBEDS"
        },
        {
          "label": "multitalk_embeds",
          "name": "multitalk_embeds",
          "shape": 7,
          "type": "MULTITALK_EMBEDS"
        },
        {
          "label": "steps",
          "name": "steps",
          "type": "INT",
          "widget": {
            "name": "steps"
          },
          "link": 303
        },
        {
          "label": "cfg",
          "name": "cfg",
          "type": "FLOAT",
          "widget": {
            "name": "cfg"
          }
        },
        {
          "label": "shift",
          "name": "shift",
          "type": "FLOAT",
          "widget": {
            "name": "shift"
          }
        },
        {
          "label": "seed",
          "name": "seed",
          "type": "INT",
          "widget": {
            "name": "seed"
          }
        },
        {
          "label": "force_offload",
          "name": "force_offload",
          "type": "BOOLEAN",
          "widget": {
            "name": "force_offload"
          }
        },
        {
          "label": "scheduler",
          "name": "scheduler",
          "type": "COMBO",
          "widget": {
            "name": "scheduler"
          }
        },
        {
          "label": "riflex_freq_index",
          "name": "riflex_freq_index",
          "type": "INT",
          "widget": {
            "name": "riflex_freq_index"
          }
        },
        {
          "label": "denoise_strength",
          "name": "denoise_strength",
          "shape": 7,
          "type": "FLOAT",
          "widget": {
            "name": "denoise_strength"
          }
        },
        {
          "label": "batched_cfg",
          "name": "batched_cfg",
          "shape": 7,
          "type": "BOOLEAN",
          "widget": {
            "name": "batched_cfg"
          }
        },
        {
          "label": "rope_function",
          "name": "rope_function",
          "shape": 7,
          "type": "COMBO",
          "widget": {
            "name": "rope_function"
          }
        },
        {
          "label": "freeinit_args",
          "name": "freeinit_args",
          "shape": 7,
          "type": "FREEINITARGS"
        },
        {
          "label": "end_step",
          "name": "end_step",
          "shape": 7,
          "type": "INT",
          "widget": {
            "name": "end_step"
          }
        }
      ],
      "outputs": [
        {
          "label": "samples",
          "name": "samples",
          "type": "LATENT",
          "slot_index": 0,
          "links": [
            151
          ]
        },
        {
          "label": "denoised_samples",
          "name": "denoised_samples",
          "type": "LATENT"
        }
      ],
      "properties": {
        "cnr_id": "ComfyUI-WanVideoWrapper",
        "ver": "998a69cc0acbec503001b8b0ce0a5d5404420e1e",
        "Node name for S&R": "WanVideoSampler",
        "widget_ue_connectable": {
          "start_step": true,
          "seed": true,
          "steps": true
        }
      },
      "widgets_values": [
        6,
        1,
        8,
        123456782121,
        "fixed",
        true,
        "unipc",
        0,
        1,
        false,
        "comfy"
      ],
      "color": "#223",
      "bgcolor": "#335"
    },
    {
      "id": 181,
      "type": "Seed Everywhere",
      "pos": [
        -1931.82763671875,
        -5832.4404296875
      ],
      "size": [
        228.53268432617188,
        82
      ],
      "flags": {},
      "order": 21,
      "mode": 0,
      "inputs": [],
      "outputs": [
        {
          "label": "INT",
          "name": "INT",
          "type": "INT",
          "links": []
        }
      ],
      "properties": {
        "cnr_id": "cg-use-everywhere",
        "ver": "6.1.0",
        "Node name for S&R": "Seed Everywhere",
        "group_restricted": 0,
        "color_restricted": 0,
        "widget_ue_connectable": {}
      },
      "widgets_values": [
        123456782138,
        "increment"
      ],
      "color": "#232",
      "bgcolor": "#353"
    },
    {
      "id": 182,
      "type": "Anything Everywhere",
      "pos": [
        -973.6823120117188,
        -5013.6865234375
      ],
      "size": [
        172.18905639648438,
        26
      ],
      "flags": {},
      "order": 35,
      "mode": 0,
      "inputs": [
        {
          "color_on": "",
          "label": "WANVAE",
          "name": "anything",
          "shape": 7,
          "type": "*",
          "link": 311
        }
      ],
      "outputs": [],
      "properties": {
        "cnr_id": "cg-use-everywhere",
        "ver": "6.1.0",
        "Node name for S&R": "Anything Everywhere",
        "group_restricted": 0,
        "color_restricted": 0,
        "widget_ue_connectable": {},
        "ttNbgOverride": {
          "color": "rgba(0,0,0,.8)",
          "groupcolor": "#444"
        }
      },
      "widgets_values": [],
      "color": "rgba(0,0,0,.8)"
    },
    {
      "id": 38,
      "type": "WanVideoVAELoader",
      "pos": [
        -1367.0245361328125,
        -5012.734375
      ],
      "size": [
        333.397705078125,
        82
      ],
      "flags": {},
      "order": 22,
      "mode": 0,
      "inputs": [
        {
          "label": "model_name",
          "name": "model_name",
          "type": "COMBO",
          "widget": {
            "name": "model_name"
          }
        },
        {
          "label": "precision",
          "name": "precision",
          "shape": 7,
          "type": "COMBO",
          "widget": {
            "name": "precision"
          }
        },
        {
          "label": "compile_args",
          "name": "compile_args",
          "shape": 7,
          "type": "WANCOMPILEARGS"
        }
      ],
      "outputs": [
        {
          "label": "vae",
          "name": "vae",
          "type": "WANVAE",
          "slot_index": 0,
          "links": [
            311
          ]
        }
      ],
      "properties": {
        "cnr_id": "ComfyUI-WanVideoWrapper",
        "ver": "998a69cc0acbec503001b8b0ce0a5d5404420e1e",
        "Node name for S&R": "WanVideoVAELoader",
        "widget_ue_connectable": {}
      },
      "widgets_values": [
        "Wan2_1_VAE_bf16.safetensors",
        "bf16"
      ],
      "color": "#2a363b",
      "bgcolor": "#3f5159"
    },
    {
      "id": 28,
      "type": "WanVideoDecode",
      "pos": [
        57.350460052490234,
        -6348.51318359375
      ],
      "size": [
        210,
        198
      ],
      "flags": {},
      "order": 51,
      "mode": 0,
      "inputs": [
        {
          "label": "vae",
          "name": "vae",
          "type": "WANVAE"
        },
        {
          "label": "samples",
          "name": "samples",
          "type": "LATENT",
          "link": 151
        },
        {
          "label": "enable_vae_tiling",
          "name": "enable_vae_tiling",
          "type": "BOOLEAN",
          "widget": {
            "name": "enable_vae_tiling"
          }
        },
        {
          "label": "tile_x",
          "name": "tile_x",
          "type": "INT",
          "widget": {
            "name": "tile_x"
          }
        },
        {
          "label": "tile_y",
          "name": "tile_y",
          "type": "INT",
          "widget": {
            "name": "tile_y"
          }
        },
        {
          "label": "tile_stride_x",
          "name": "tile_stride_x",
          "type": "INT",
          "widget": {
            "name": "tile_stride_x"
          }
        },
        {
          "label": "tile_stride_y",
          "name": "tile_stride_y",
          "type": "INT",
          "widget": {
            "name": "tile_stride_y"
          }
        },
        {
          "label": "normalization",
          "name": "normalization",
          "shape": 7,
          "type": "COMBO",
          "widget": {
            "name": "normalization"
          }
        }
      ],
      "outputs": [
        {
          "label": "images",
          "name": "images",
          "type": "IMAGE",
          "slot_index": 0,
          "links": [
            253
          ]
        }
      ],
      "properties": {
        "cnr_id": "ComfyUI-WanVideoWrapper",
        "ver": "998a69cc0acbec503001b8b0ce0a5d5404420e1e",
        "Node name for S&R": "WanVideoDecode",
        "widget_ue_connectable": {}
      },
      "widgets_values": [
        false,
        272,
        272,
        144,
        128,
        "default"
      ],
      "color": "#232",
      "bgcolor": "#353"
    },
    {
      "id": 60,
      "type": "VHS_VideoCombine",
      "pos": [
        372.9114074707031,
        -6492.67041015625
      ],
      "size": [
        334.4513244628906,
        334
      ],
      "flags": {},
      "order": 52,
      "mode": 0,
      "inputs": [
        {
          "label": "images",
          "name": "images",
          "type": "IMAGE",
          "link": 253
        },
        {
          "label": "audio",
          "name": "audio",
          "shape": 7,
          "type": "AUDIO"
        },
        {
          "label": "meta_batch",
          "name": "meta_batch",
          "shape": 7,
          "type": "VHS_BatchManager"
        },
        {
          "label": "vae",
          "name": "vae",
          "shape": 7,
          "type": "VAE"
        },
        {
          "label": "frame_rate",
          "name": "frame_rate",
          "type": "FLOAT",
          "widget": {
            "name": "frame_rate"
          }
        },
        {
          "label": "loop_count",
          "name": "loop_count",
          "type": "INT",
          "widget": {
            "name": "loop_count"
          }
        },
        {
          "label": "filename_prefix",
          "name": "filename_prefix",
          "type": "STRING",
          "widget": {
            "name": "filename_prefix"
          }
        },
        {
          "label": "format",
          "name": "format",
          "type": "COMBO",
          "widget": {
            "name": "format"
          }
        },
        {
          "label": "pingpong",
          "name": "pingpong",
          "type": "BOOLEAN",
          "widget": {
            "name": "pingpong"
          }
        },
        {
          "label": "save_output",
          "name": "save_output",
          "type": "BOOLEAN",
          "widget": {
            "name": "save_output"
          }
        }
      ],
      "outputs": [
        {
          "label": "Filenames",
          "name": "Filenames",
          "type": "VHS_FILENAMES"
        }
      ],
      "properties": {
        "cnr_id": "comfyui-videohelpersuite",
        "ver": "0a75c7958fe320efcb052f1d9f8451fd20c730a8",
        "Node name for S&R": "VHS_VideoCombine",
        "widget_ue_connectable": {}
      },
      "widgets_values": {
        "frame_rate": 16.2000732421875,
        "loop_count": 0,
        "filename_prefix": "Wan2.2-KJ",
        "format": "video/h264-mp4",
        "pix_fmt": "yuv420p",
        "crf": 19,
        "save_metadata": true,
        "trim_to_audio": false,
        "pingpong": false,
        "save_output": true,
        "videopreview": {
          "paused": false,
          "hidden": false,
          "params": {
            "filename": "Wan2.2-KJ_00001_efiox_1755524143.mp4",
            "workflow": "Wan2.2-KJ_00001.png",
            "fullpath": "/data/ComfyUI/personal/4d6d73530acb1ad75a79b364f83c1545/output/Wan2.2-KJ_00001.mp4",
            "format": "video/h264-mp4",
            "subfolder": "",
            "type": "output",
            "frame_rate": 16.2000732421875
          }
        }
      },
      "color": "#232",
      "bgcolor": "#353"
    },
    {
      "id": 203,
      "type": "MarkdownNote",
      "pos": [
        -681.099365234375,
        -6436.576171875
      ],
      "size": [
        508.05450439453125,
        448.0693054199219
      ],
      "flags": {},
      "order": 23,
      "mode": 0,
      "inputs": [],
      "outputs": [],
      "properties": {
        "widget_ue_connectable": {}
      },
      "widgets_values": [
        "# If you can’t use this workflow properly, go to the free ComfyUI platform to generate the video directly.\n---\n# [ComfyUI platform Online]\n[https://www.runninghub.ai/post/1957365514316214274](https://www.runninghub.ai/post/1957365514316214274?inviteCode=rh-v1213)\n\n---\n\n# Notice:\n# Use my invitation code(rh-v1213) to get 1,000 points of free credit"
      ],
      "color": "#ffff14",
      "bgcolor": "#eeff00"
    },
    {
      "id": 207,
      "type": "LayerUtility: TextBox",
      "pos": [
        -1955.9658203125,
        -6155.38427734375
      ],
      "size": [
        400,
        200
      ],
      "flags": {},
      "order": 24,
      "mode": 0,
      "inputs": [],
      "outputs": [
        {
          "name": "text",
          "type": "STRING",
          "links": [
            449
          ]
        }
      ],
      "properties": {
        "cnr_id": "comfyui_layerstyle",
        "ver": "a46b1e6d26d45be9784c49f7065ba44700ef2b63",
        "widget_ue_connectable": {},
        "Node name for S&R": "LayerUtility: TextBox"
      },
      "widgets_values": [
        "A  bikini blonde standing in front of viewer, starting from half-body view, She grabs and kneads her breasts with both hands. Then smoothly remove bra with both hands, her large breasts revealed.",
        [
          false,
          true
        ]
      ],
      "color": "rgba(38, 73, 116, 0.7)"
    },
    {
      "id": 204,
      "type": "easy promptConcat",
      "pos": [
        -1238.8934326171875,
        -6047.74365234375
      ],
      "size": [
        210,
        78
      ],
      "flags": {},
      "order": 36,
      "mode": 0,
      "inputs": [
        {
          "name": "prompt1",
          "shape": 7,
          "type": "STRING",
          "link": 450
        },
        {
          "name": "prompt2",
          "shape": 7,
          "type": "STRING",
          "link": 449
        }
      ],
      "outputs": [
        {
          "name": "prompt",
          "type": "STRING",
          "links": [
            451
          ]
        }
      ],
      "properties": {
        "cnr_id": "comfyui-easy-use",
        "ver": "640ef31625e18f72becea245a778fcbb13c457ee",
        "widget_ue_connectable": {},
        "Node name for S&R": "easy promptConcat"
      },
      "widgets_values": [
        ","
      ],
      "color": "#233",
      "bgcolor": "#355"
    },
    {
      "id": 208,
      "type": "LayerUtility: TextBox",
      "pos": [
        -1505.140625,
        -6085.4140625
      ],
      "size": [
        210,
        93
      ],
      "flags": {},
      "order": 25,
      "mode": 0,
      "inputs": [],
      "outputs": [
        {
          "name": "text",
          "type": "STRING",
          "links": [
            450
          ]
        }
      ],
      "properties": {
        "cnr_id": "comfyui_layerstyle",
        "ver": "a46b1e6d26d45be9784c49f7065ba44700ef2b63",
        "widget_ue_connectable": {},
        "Node name for S&R": "LayerUtility: TextBox"
      },
      "widgets_values": [
        "Cinematic 8s clip, 4K, ultra-realistic skin texture, fabric details, seamless transition.",
        [
          false,
          true
        ]
      ],
      "color": "rgba(38, 73, 116, 0.7)"
    }
  ],
  "links": [
    [
      15,
      11,
      0,
      16,
      0,
      "WANTEXTENCODER"
    ],
    [
      109,
      80,
      0,
      27,
      0,
      "WANVIDEOMODEL"
    ],
    [
      110,
      56,
      0,
      80,
      1,
      "WANVIDLORA"
    ],
    [
      143,
      27,
      0,
      90,
      3,
      "LATENT"
    ],
    [
      144,
      79,
      0,
      90,
      0,
      "WANVIDEOMODEL"
    ],
    [
      151,
      90,
      0,
      28,
      1,
      "LATENT"
    ],
    [
      155,
      22,
      0,
      92,
      0,
      "WANVIDEOMODEL"
    ],
    [
      157,
      92,
      0,
      80,
      0,
      "WANVIDEOMODEL"
    ],
    [
      160,
      71,
      0,
      93,
      0,
      "WANVIDEOMODEL"
    ],
    [
      161,
      93,
      0,
      79,
      0,
      "WANVIDEOMODEL"
    ],
    [
      167,
      95,
      0,
      27,
      17,
      "FLOAT"
    ],
    [
      169,
      97,
      0,
      79,
      1,
      "WANVIDLORA"
    ],
    [
      173,
      99,
      0,
      89,
      2,
      "IMAGE"
    ],
    [
      174,
      99,
      3,
      89,
      8,
      "INT"
    ],
    [
      175,
      99,
      4,
      89,
      9,
      "INT"
    ],
    [
      216,
      134,
      0,
      89,
      10,
      "INT"
    ],
    [
      219,
      135,
      0,
      91,
      0,
      "INT"
    ],
    [
      253,
      28,
      0,
      60,
      0,
      "IMAGE"
    ],
    [
      296,
      148,
      0,
      168,
      0,
      "*"
    ],
    [
      297,
      147,
      0,
      169,
      0,
      "*"
    ],
    [
      298,
      136,
      0,
      170,
      0,
      "*"
    ],
    [
      300,
      171,
      0,
      99,
      9,
      "INT"
    ],
    [
      301,
      137,
      0,
      172,
      0,
      "*"
    ],
    [
      302,
      173,
      0,
      99,
      0,
      "IMAGE"
    ],
    [
      303,
      174,
      0,
      90,
      16,
      "INT"
    ],
    [
      304,
      175,
      0,
      27,
      16,
      "INT"
    ],
    [
      305,
      175,
      0,
      95,
      0,
      "INT"
    ],
    [
      306,
      176,
      0,
      135,
      0,
      "INT,FLOAT,IMAGE,LATENT"
    ],
    [
      307,
      177,
      0,
      134,
      0,
      "*"
    ],
    [
      309,
      179,
      0,
      16,
      2,
      "STRING"
    ],
    [
      311,
      38,
      0,
      182,
      0,
      "WANVAE"
    ],
    [
      312,
      184,
      0,
      183,
      0,
      "CPipeAny"
    ],
    [
      313,
      16,
      0,
      184,
      1,
      "*"
    ],
    [
      314,
      104,
      0,
      184,
      2,
      "*"
    ],
    [
      315,
      39,
      0,
      184,
      3,
      "*"
    ],
    [
      316,
      89,
      0,
      184,
      4,
      "*"
    ],
    [
      404,
      183,
      1,
      27,
      2,
      "WANVIDEOTEXTEMBEDS"
    ],
    [
      406,
      183,
      2,
      22,
      1,
      "BLOCKSWAPARGS"
    ],
    [
      407,
      183,
      3,
      92,
      1,
      "BLOCKSWAPARGS"
    ],
    [
      410,
      183,
      4,
      27,
      1,
      "WANVIDIMAGE_EMBEDS"
    ],
    [
      411,
      91,
      0,
      184,
      5,
      "*"
    ],
    [
      413,
      183,
      5,
      27,
      27,
      "INT"
    ],
    [
      427,
      189,
      4,
      90,
      1,
      "WANVIDIMAGE_EMBEDS"
    ],
    [
      428,
      189,
      1,
      90,
      2,
      "WANVIDEOTEXTEMBEDS"
    ],
    [
      429,
      189,
      2,
      71,
      1,
      "BLOCKSWAPARGS"
    ],
    [
      430,
      189,
      3,
      93,
      1,
      "BLOCKSWAPARGS"
    ],
    [
      431,
      183,
      0,
      189,
      0,
      "CPipeAny"
    ],
    [
      449,
      207,
      0,
      204,
      1,
      "STRING"
    ],
    [
      450,
      208,
      0,
      204,
      0,
      "STRING"
    ],
    [
      451,
      204,
      0,
      178,
      0,
      "STRING"
    ]
  ],
  "groups": [
    {
      "id": 2,
      "title": "2. Prompt Editor",
      "bounding": [
        -1988.5380859375,
        -6477.234375,
        1197.08056640625,
        765.9974975585938
      ],
      "color": "#b58b2a",
      "font_size": 60,
      "flags": {
        "pinned": true
      }
    },
    {
      "id": 7,
      "title": "Video duration (s)",
      "bounding": [
        -1366.991943359375,
        -5916.22021484375,
        237.0050811767578,
        189.5483856201172
      ],
      "color": "#b58b2a",
      "font_size": 20,
      "flags": {}
    },
    {
      "id": 9,
      "title": "Longest side size of Video",
      "bounding": [
        -1653.954833984375,
        -5917.27880859375,
        249.29515075683594,
        191.54539489746094
      ],
      "color": "#b58b2a",
      "font_size": 20,
      "flags": {}
    },
    {
      "id": 11,
      "title": "Sampling steps（8~12）",
      "bounding": [
        -1093.8887939453125,
        -5916.15771484375,
        253.78001403808594,
        189.9693603515625
      ],
      "color": "#b58b2a",
      "font_size": 20,
      "flags": {}
    },
    {
      "id": 13,
      "title": "HIGH",
      "bounding": [
        -528.7862548828125,
        -5611.9521484375,
        1177.47900390625,
        858.4232788085938
      ],
      "color": "#88A",
      "font_size": 30,
      "flags": {}
    },
    {
      "id": 14,
      "title": "LOW",
      "bounding": [
        758.9539184570312,
        -5616.0224609375,
        1037.0091552734375,
        880.1238403320312
      ],
      "color": "#88A",
      "font_size": 30,
      "flags": {}
    },
    {
      "id": 21,
      "title": "Save video",
      "bounding": [
        -14.603282928466797,
        -6591.03076171875,
        1246.1053466796875,
        898.653564453125
      ],
      "color": "#8A8",
      "font_size": 30,
      "flags": {}
    },
    {
      "id": 24,
      "title": "Seed",
      "bounding": [
        -1951.1917724609375,
        -5915.041015625,
        261.78778076171875,
        187.62640380859375
      ],
      "color": "#b58b2a",
      "font_size": 24,
      "flags": {}
    },
    {
      "id": 26,
      "title": "Group",
      "bounding": [
        -2722.197509765625,
        -5612.10595703125,
        2090.74853515625,
        746.0770874023438
      ],
      "color": "#3f789e",
      "font_size": 30,
      "flags": {}
    },
    {
      "id": 25,
      "title": "Group",
      "bounding": [
        -2595.07958984375,
        -5500.67431640625,
        140,
        80
      ],
      "color": "#3f789e",
      "font_size": 24,
      "flags": {}
    }
  ],
  "config": {},
  "extra": {
    "VHS_KeepIntermediate": true,
    "links_added_by_ue": [
      441,
      442,
      443,
      444
    ],
    "VHS_MetadataImage": true,
    "ue_links": [
      {
        "downstream": 89,
        "downstream_slot": 0,
        "upstream": "38",
        "upstream_slot": 0,
        "controller": 182,
        "type": "WANVAE"
      },
      {
        "downstream": 27,
        "downstream_slot": 19,
        "upstream": "181",
        "upstream_slot": 0,
        "controller": 181,
        "type": "INT"
      },
      {
        "downstream": 90,
        "downstream_slot": 19,
        "upstream": "181",
        "upstream_slot": 0,
        "controller": 181,
        "type": "INT"
      },
      {
        "downstream": 28,
        "downstream_slot": 0,
        "upstream": "38",
        "upstream_slot": 0,
        "controller": 182,
        "type": "WANVAE"
      }
    ],
    "0246.VERSION": [
      0,
      0,
      4
    ],
    "VHS_latentpreviewrate": 0,
    "VHS_latentpreview": false,
    "frontendVersion": "1.23.4",
    "groupNodes": {},
    "node_versions": {
      "ComfyUI-WanVideoWrapper": "5a2383621a05825d0d0437781afcb8552d9590fd",
      "ComfyUI-VideoHelperSuite": "0a75c7958fe320efcb052f1d9f8451fd20c730a8",
      "comfy-core": "0.3.26"
    },
    "ds": {
      "scale": 0.2309211532038182,
      "offset": [
        4308.034230351726,
        7971.699614700606
      ]
    }
  },
  "version": 0.4
}