{
  "last_node_id": 35,
  "last_link_id": 47,
  "nodes": [
    {
      "id": 2,
      "type": "ModelSamplingDiscrete",
      "pos": [
        418.9999389648437,
        1455.3998901367183
      ],
      "size": {
        "0": 210,
        "1": 82
      },
      "flags": {},
      "order": 18,
      "mode": 0,
      "inputs": [
        {
          "name": "model",
          "type": "MODEL",
          "link": 3
        }
      ],
      "outputs": [
        {
          "name": "MODEL",
          "type": "MODEL",
          "links": [
            4
          ],
          "shape": 3,
          "slot_index": 0
        }
      ],
      "properties": {
        "Node name for S&R": "ModelSamplingDiscrete"
      },
      "widgets_values": [
        "lcm",
        false
      ],
      "color": "#233",
      "bgcolor": "#355"
    },
    {
      "id": 3,
      "type": "ADE_UseEvolvedSampling",
      "pos": [
        368.9999389648437,
        1575.3998901367183
      ],
      "size": {
        "0": 307.5731201171875,
        "1": 118
      },
      "flags": {},
      "order": 19,
      "mode": 0,
      "inputs": [
        {
          "name": "model",
          "type": "MODEL",
          "link": 4
        },
        {
          "name": "m_models",
          "type": "M_MODELS",
          "link": 5,
          "slot_index": 1
        },
        {
          "name": "context_options",
          "type": "CONTEXT_OPTIONS",
          "link": 6,
          "slot_index": 2
        },
        {
          "name": "sample_settings",
          "type": "SAMPLE_SETTINGS",
          "link": 7,
          "slot_index": 3
        }
      ],
      "outputs": [
        {
          "name": "MODEL",
          "type": "MODEL",
          "links": [
            11
          ],
          "shape": 3,
          "slot_index": 0
        }
      ],
      "properties": {
        "Node name for S&R": "ADE_UseEvolvedSampling"
      },
      "widgets_values": [
        "autoselect"
      ],
      "color": "#233",
      "bgcolor": "#355"
    },
    {
      "id": 4,
      "type": "ADE_ApplyAnimateDiffModelSimple",
      "pos": [
        398.9999389648437,
        1295.3998901367183
      ],
      "size": {
        "0": 260.3999938964844,
        "1": 106
      },
      "flags": {},
      "order": 14,
      "mode": 0,
      "inputs": [
        {
          "name": "motion_model",
          "type": "MOTION_MODEL_ADE",
          "link": 8,
          "slot_index": 0
        },
        {
          "name": "motion_lora",
          "type": "MOTION_LORA",
          "link": null
        },
        {
          "name": "scale_multival",
          "type": "MULTIVAL",
          "link": 9,
          "slot_index": 2
        },
        {
          "name": "effect_multival",
          "type": "MULTIVAL",
          "link": null,
          "slot_index": 3
        },
        {
          "name": "ad_keyframes",
          "type": "AD_KEYFRAMES",
          "link": null
        }
      ],
      "outputs": [
        {
          "name": "M_MODELS",
          "type": "M_MODELS",
          "links": [
            5
          ],
          "shape": 3
        }
      ],
      "properties": {
        "Node name for S&R": "ADE_ApplyAnimateDiffModelSimple"
      },
      "color": "#233",
      "bgcolor": "#355"
    },
    {
      "id": 5,
      "type": "ADE_LoadAnimateDiffModel",
      "pos": [
        368.9999389648437,
        1185.3998901367183
      ],
      "size": {
        "0": 315,
        "1": 58
      },
      "flags": {},
      "order": 0,
      "mode": 0,
      "inputs": [
        {
          "name": "ad_settings",
          "type": "AD_SETTINGS",
          "link": null
        }
      ],
      "outputs": [
        {
          "name": "MOTION_MODEL",
          "type": "MOTION_MODEL_ADE",
          "links": [
            8
          ],
          "shape": 3
        }
      ],
      "properties": {
        "Node name for S&R": "ADE_LoadAnimateDiffModel"
      },
      "widgets_values": [
        "AnimateLCM_sd15_t2v.ckpt"
      ],
      "color": "#233",
      "bgcolor": "#355"
    },
    {
      "id": 6,
      "type": "ADE_StandardStaticContextOptions",
      "pos": [
        368.9999389648437,
        1745.3998901367183
      ],
      "size": {
        "0": 319.20001220703125,
        "1": 198
      },
      "flags": {},
      "order": 1,
      "mode": 0,
      "inputs": [
        {
          "name": "prev_context",
          "type": "CONTEXT_OPTIONS",
          "link": null
        },
        {
          "name": "view_opts",
          "type": "VIEW_OPTS",
          "link": null
        }
      ],
      "outputs": [
        {
          "name": "CONTEXT_OPTS",
          "type": "CONTEXT_OPTIONS",
          "links": [
            6
          ],
          "shape": 3,
          "slot_index": 0
        }
      ],
      "properties": {
        "Node name for S&R": "ADE_StandardStaticContextOptions"
      },
      "widgets_values": [
        16,
        6,
        "pyramid",
        false,
        0,
        1
      ],
      "color": "#233",
      "bgcolor": "#355"
    },
    {
      "id": 10,
      "type": "ControlNetLoaderAdvanced",
      "pos": [
        1837.0325874218756,
        1081.6148920117191
      ],
      "size": {
        "0": 367.79998779296875,
        "1": 58
      },
      "flags": {},
      "order": 2,
      "mode": 0,
      "inputs": [
        {
          "name": "timestep_keyframe",
          "type": "TIMESTEP_KEYFRAME",
          "link": null
        }
      ],
      "outputs": [
        {
          "name": "CONTROL_NET",
          "type": "CONTROL_NET",
          "links": [
            14
          ],
          "shape": 3
        }
      ],
      "properties": {
        "Node name for S&R": "ControlNetLoaderAdvanced"
      },
      "widgets_values": [
        "controlnet_checkpoint.ckpt"
      ],
      "color": "#222",
      "bgcolor": "#000"
    },
    {
      "id": 11,
      "type": "VAEDecode",
      "pos": [
        2299.301267906249,
        1088.7156541210938
      ],
      "size": {
        "0": 140,
        "1": 46
      },
      "flags": {
        "collapsed": true
      },
      "order": 28,
      "mode": 0,
      "inputs": [
        {
          "name": "samples",
          "type": "LATENT",
          "link": 17
        },
        {
          "name": "vae",
          "type": "VAE",
          "link": 18
        }
      ],
      "outputs": [
        {
          "name": "IMAGE",
          "type": "IMAGE",
          "links": [
            44
          ],
          "slot_index": 0
        }
      ],
      "properties": {
        "Node name for S&R": "VAEDecode"
      },
      "color": "#323",
      "bgcolor": "#535"
    },
    {
      "id": 14,
      "type": "IPAdapterClipVisionEnhancerBatch",
      "pos": [
        780,
        1960
      ],
      "size": {
        "0": 315,
        "1": 326
      },
      "flags": {},
      "order": 21,
      "mode": 0,
      "inputs": [
        {
          "name": "model",
          "type": "MODEL",
          "link": 20
        },
        {
          "name": "ipadapter",
          "type": "IPADAPTER",
          "link": 21
        },
        {
          "name": "image",
          "type": "IMAGE",
          "link": 22
        },
        {
          "name": "image_negative",
          "type": "IMAGE",
          "link": 23
        },
        {
          "name": "attn_mask",
          "type": "MASK",
          "link": null
        },
        {
          "name": "clip_vision",
          "type": "CLIP_VISION",
          "link": null
        }
      ],
      "outputs": [
        {
          "name": "MODEL",
          "type": "MODEL",
          "links": [
            28,
            34
          ],
          "shape": 3,
          "slot_index": 0
        }
      ],
      "properties": {
        "Node name for S&R": "IPAdapterClipVisionEnhancerBatch"
      },
      "widgets_values": [
        1,
        "ease in-out",
        0,
        1,
        "V only",
        5,
        1,
        0
      ],
      "color": "#223",
      "bgcolor": "#335"
    },
    {
      "id": 16,
      "type": "SeargeIntegerPair",
      "pos": [
        -450,
        1350
      ],
      "size": {
        "0": 320,
        "1": 102
      },
      "flags": {},
      "order": 3,
      "mode": 0,
      "outputs": [
        {
          "name": "value 1",
          "type": "INT",
          "links": [
            25
          ],
          "shape": 3,
          "slot_index": 0
        },
        {
          "name": "value 2",
          "type": "INT",
          "links": [
            26
          ],
          "shape": 3,
          "slot_index": 1
        }
      ],
      "title": "Res",
      "properties": {
        "Node name for S&R": "SeargeIntegerPair"
      },
      "widgets_values": [
        512,
        288
      ],
      "color": "#432",
      "bgcolor": "#653"
    },
    {
      "id": 17,
      "type": "LoRA Stacker",
      "pos": [
        -490,
        1080
      ],
      "size": {
        "0": 380,
        "1": 226
      },
      "flags": {},
      "order": 4,
      "mode": 0,
      "inputs": [
        {
          "name": "lora_stack",
          "type": "LORA_STACK",
          "link": null
        }
      ],
      "outputs": [
        {
          "name": "LORA_STACK",
          "type": "LORA_STACK",
          "links": [
            24
          ],
          "shape": 3
        }
      ],
      "properties": {
        "Node name for S&R": "LoRA Stacker",
        "ttNbgOverride": {
          "color": "#222",
          "bgcolor": "#000",
          "groupcolor": "#444"
        }
      },
      "widgets_values": [
        "simple",
        3,
        "add_detail.safetensors",
        1,
        1,
        1,
        "2024\\epi_noiseoffset2.safetensors",
        1,
        1,
        1,
        "SD1.5\\animatediff\\v3_sd15_adapter.ckpt",
        0.3,
        1,
        1,
        "PortraitMasterV1.2.safetensors",
        0.1,
        1,
        1,
        "None",
        1,
        1,
        1,
        "None",
        1,
        1,
        1,
        "None",
        1,
        1,
        1,
        "None",
        1,
        1,
        1,
        "None",
        1,
        1,
        1,
        "None",
        1,
        1,
        1,
        "None",
        1,
        1,
        1,
        "None",
        1,
        1,
        1,
        "None",
        1,
        1,
        1,
        "None",
        1,
        1,
        1,
        "None",
        1,
        1,
        1,
        "None",
        1,
        1,
        1,
        "None",
        1,
        1,
        1,
        "None",
        1,
        1,
        1,
        "None",
        1,
        1,
        1,
        "None",
        1,
        1,
        1,
        "None",
        1,
        1,
        1,
        "None",
        1,
        1,
        1,
        "None",
        1,
        1,
        1,
        "None",
        1,
        1,
        1,
        "None",
        1,
        1,
        1,
        "None",
        1,
        1,
        1,
        "None",
        1,
        1,
        1,
        "None",
        1,
        1,
        1,
        "None",
        1,
        1,
        1,
        "None",
        1,
        1,
        1,
        "None",
        1,
        1,
        1,
        "None",
        1,
        1,
        1,
        "None",
        1,
        1,
        1,
        "None",
        1,
        1,
        1,
        "None",
        1,
        1,
        1,
        "None",
        1,
        1,
        1,
        "None",
        1,
        1,
        1,
        "None",
        1,
        1,
        1,
        "None",
        1,
        1,
        1,
        "None",
        1,
        1,
        1,
        "None",
        1,
        1,
        1,
        "None",
        1,
        1,
        1,
        "None",
        1,
        1,
        1,
        "None",
        1,
        1,
        1,
        "None",
        1,
        1,
        1,
        "None",
        1,
        1,
        1,
        "None",
        1,
        1,
        1,
        "None",
        1,
        1,
        1,
        "None",
        1,
        1,
        1
      ],
      "color": "#432",
      "bgcolor": "#653",
      "shape": 1
    },
    {
      "id": 21,
      "type": "VHS_VideoCombine",
      "pos": [
        1509.1268465625003,
        1212.4204050781245
      ],
      "size": [
        281.8492431640625,
        310
      ],
      "flags": {},
      "order": 26,
      "mode": 0,
      "inputs": [
        {
          "name": "images",
          "type": "IMAGE",
          "link": 39
        },
        {
          "name": "audio",
          "type": "VHS_AUDIO",
          "link": null
        },
        {
          "name": "meta_batch",
          "type": "VHS_BatchManager",
          "link": null
        },
        {
          "name": "vae",
          "type": "VAE",
          "link": null
        }
      ],
      "outputs": [
        {
          "name": "Filenames",
          "type": "VHS_FILENAMES",
          "links": null,
          "shape": 3
        }
      ],
      "properties": {
        "Node name for S&R": "VHS_VideoCombine"
      },
      "widgets_values": {
        "frame_rate": 11,
        "loop_count": 0,
        "filename_prefix": "AnimateDiff",
        "format": "video/h264-mp4",
        "pix_fmt": "yuv420p",
        "crf": 15,
        "save_metadata": true,
        "pingpong": false,
        "save_output": false,
        "videopreview": {
          "hidden": false,
          "paused": true,
          "params": {
            "filename": "AnimateDiff_00030.mp4",
            "subfolder": "",
            "type": "temp",
            "format": "video/h264-mp4",
            "frame_rate": 11
          }
        }
      },
      "color": "#323",
      "bgcolor": "#535"
    },
    {
      "id": 26,
      "type": "ImageUpscaleWithModel",
      "pos": [
        2889.301267906249,
        1088.7156541210938
      ],
      "size": {
        "0": 241.79998779296875,
        "1": 46
      },
      "flags": {
        "collapsed": false
      },
      "order": 29,
      "mode": 0,
      "inputs": [
        {
          "name": "upscale_model",
          "type": "UPSCALE_MODEL",
          "link": 43
        },
        {
          "name": "image",
          "type": "IMAGE",
          "link": 44,
          "slot_index": 1
        }
      ],
      "outputs": [
        {
          "name": "IMAGE",
          "type": "IMAGE",
          "links": [
            45
          ],
          "shape": 3,
          "slot_index": 0
        }
      ],
      "properties": {
        "Node name for S&R": "ImageUpscaleWithModel"
      },
      "color": "#323",
      "bgcolor": "#535"
    },
    {
      "id": 27,
      "type": "ImageScale",
      "pos": [
        2719.301267906249,
        1168.7156541210938
      ],
      "size": {
        "0": 315,
        "1": 130
      },
      "flags": {},
      "order": 30,
      "mode": 0,
      "inputs": [
        {
          "name": "image",
          "type": "IMAGE",
          "link": 45
        }
      ],
      "outputs": [
        {
          "name": "IMAGE",
          "type": "IMAGE",
          "links": [
            19,
            42
          ],
          "shape": 3,
          "slot_index": 0
        }
      ],
      "properties": {
        "Node name for S&R": "ImageScale"
      },
      "widgets_values": [
        "nearest-exact",
        1920,
        1080,
        "center"
      ],
      "color": "#323",
      "bgcolor": "#535"
    },
    {
      "id": 28,
      "type": "ADE_MultivalDynamic",
      "pos": [
        368.9999389648437,
        1075.3998901367183
      ],
      "size": {
        "0": 315,
        "1": 58
      },
      "flags": {
        "collapsed": false
      },
      "order": 5,
      "mode": 0,
      "inputs": [
        {
          "name": "mask_optional",
          "type": "MASK",
          "link": null
        }
      ],
      "outputs": [
        {
          "name": "MULTIVAL",
          "type": "MULTIVAL",
          "links": [
            9
          ],
          "shape": 3
        }
      ],
      "properties": {
        "Node name for S&R": "ADE_MultivalDynamic"
      },
      "widgets_values": [
        1.6
      ],
      "color": "#233",
      "bgcolor": "#355"
    },
    {
      "id": 29,
      "type": "ADE_AnimateDiffSamplingSettings",
      "pos": [
        368.9999389648437,
        1985.3998901367183
      ],
      "size": {
        "0": 315,
        "1": 258
      },
      "flags": {},
      "order": 6,
      "mode": 0,
      "inputs": [
        {
          "name": "noise_layers",
          "type": "NOISE_LAYERS",
          "link": null
        },
        {
          "name": "iteration_opts",
          "type": "ITERATION_OPTS",
          "link": null
        },
        {
          "name": "custom_cfg",
          "type": "CUSTOM_CFG",
          "link": null
        },
        {
          "name": "sigma_schedule",
          "type": "SIGMA_SCHEDULE",
          "link": null
        },
        {
          "name": "image_inject",
          "type": "IMAGE_INJECT",
          "link": null
        },
        {
          "name": "seed_override",
          "type": "INT",
          "link": null,
          "widget": {
            "name": "seed_override"
          }
        }
      ],
      "outputs": [
        {
          "name": "settings",
          "type": "SAMPLE_SETTINGS",
          "links": [
            7
          ],
          "shape": 3
        }
      ],
      "properties": {
        "Node name for S&R": "ADE_AnimateDiffSamplingSettings"
      },
      "widgets_values": [
        0,
        "default",
        "comfy",
        0,
        0,
        false
      ],
      "color": "#233",
      "bgcolor": "#355"
    },
    {
      "id": 1,
      "type": "VAEDecode",
      "pos": [
        1228.1268465625003,
        1134.4204050781245
      ],
      "size": {
        "0": 140,
        "1": 46
      },
      "flags": {
        "collapsed": true
      },
      "order": 24,
      "mode": 0,
      "inputs": [
        {
          "name": "samples",
          "type": "LATENT",
          "link": 1
        },
        {
          "name": "vae",
          "type": "VAE",
          "link": 2
        }
      ],
      "outputs": [
        {
          "name": "IMAGE",
          "type": "IMAGE",
          "links": [
            15,
            39
          ],
          "slot_index": 0
        }
      ],
      "properties": {
        "Node name for S&R": "VAEDecode"
      },
      "color": "#323",
      "bgcolor": "#535"
    },
    {
      "id": 9,
      "type": "ACN_AdvancedControlNetApply",
      "pos": [
        1847.0325874218756,
        1191.6148920117191
      ],
      "size": {
        "0": 355.20001220703125,
        "1": 286
      },
      "flags": {},
      "order": 25,
      "mode": 0,
      "inputs": [
        {
          "name": "positive",
          "type": "CONDITIONING",
          "link": 12
        },
        {
          "name": "negative",
          "type": "CONDITIONING",
          "link": 13
        },
        {
          "name": "control_net",
          "type": "CONTROL_NET",
          "link": 14,
          "slot_index": 2
        },
        {
          "name": "image",
          "type": "IMAGE",
          "link": 15
        },
        {
          "name": "mask_optional",
          "type": "MASK",
          "link": null
        },
        {
          "name": "timestep_kf",
          "type": "TIMESTEP_KEYFRAME",
          "link": null
        },
        {
          "name": "latent_kf_override",
          "type": "LATENT_KEYFRAME",
          "link": null
        },
        {
          "name": "weights_override",
          "type": "CONTROL_NET_WEIGHTS",
          "link": null
        },
        {
          "name": "model_optional",
          "type": "MODEL",
          "link": null
        },
        {
          "name": "vae_optional",
          "type": "VAE",
          "link": 16
        }
      ],
      "outputs": [
        {
          "name": "positive",
          "type": "CONDITIONING",
          "links": [
            35
          ],
          "shape": 3,
          "slot_index": 0
        },
        {
          "name": "negative",
          "type": "CONDITIONING",
          "links": [
            36
          ],
          "shape": 3,
          "slot_index": 1
        },
        {
          "name": "model_opt",
          "type": "MODEL",
          "links": null,
          "shape": 3
        }
      ],
      "properties": {
        "Node name for S&R": "ACN_AdvancedControlNetApply"
      },
      "widgets_values": [
        0.8,
        0,
        1
      ],
      "color": "#222",
      "bgcolor": "#000"
    },
    {
      "id": 25,
      "type": "UpscaleModelLoader",
      "pos": [
        2552,
        1076
      ],
      "size": {
        "0": 315,
        "1": 58
      },
      "flags": {
        "collapsed": false
      },
      "order": 7,
      "mode": 0,
      "outputs": [
        {
          "name": "UPSCALE_MODEL",
          "type": "UPSCALE_MODEL",
          "links": [
            43
          ],
          "shape": 3,
          "slot_index": 0
        }
      ],
      "properties": {
        "Node name for S&R": "UpscaleModelLoader"
      },
      "widgets_values": [
        "4x-UltraSharp.pth"
      ],
      "color": "#323",
      "bgcolor": "#535"
    },
    {
      "id": 33,
      "type": "ImageScale",
      "pos": [
        952,
        1366
      ],
      "size": {
        "0": 315,
        "1": 130
      },
      "flags": {
        "collapsed": true
      },
      "order": 15,
      "mode": 0,
      "inputs": [
        {
          "name": "image",
          "type": "IMAGE",
          "link": 46
        }
      ],
      "outputs": [
        {
          "name": "IMAGE",
          "type": "IMAGE",
          "links": [
            47
          ],
          "shape": 3,
          "slot_index": 0
        }
      ],
      "properties": {
        "Node name for S&R": "ImageScale"
      },
      "widgets_values": [
        "nearest-exact",
        512,
        288,
        "center"
      ],
      "color": "#223",
      "bgcolor": "#335"
    },
    {
      "id": 18,
      "type": "Seed Everywhere",
      "pos": [
        -450,
        1500
      ],
      "size": {
        "0": 315,
        "1": 124
      },
      "flags": {},
      "order": 8,
      "mode": 0,
      "outputs": [
        {
          "name": "INT",
          "type": "INT",
          "links": [
            33
          ],
          "shape": 3,
          "slot_index": 0
        }
      ],
      "properties": {
        "Node name for S&R": "Seed Everywhere",
        "group_restricted": 0,
        "color_restricted": 0
      },
      "widgets_values": [
        1,
        "fixed"
      ],
      "color": "#432",
      "bgcolor": "#653"
    },
    {
      "id": 13,
      "type": "IPAdapterNoise",
      "pos": [
        760,
        1366
      ],
      "size": {
        "0": 210,
        "1": 106
      },
      "flags": {
        "collapsed": true
      },
      "order": 9,
      "mode": 0,
      "inputs": [
        {
          "name": "image_optional",
          "type": "IMAGE",
          "link": null
        }
      ],
      "outputs": [
        {
          "name": "IMAGE",
          "type": "IMAGE",
          "links": [
            23
          ],
          "shape": 3,
          "slot_index": 0
        }
      ],
      "properties": {
        "Node name for S&R": "IPAdapterNoise"
      },
      "widgets_values": [
        "gaussian",
        1,
        0
      ],
      "color": "#223",
      "bgcolor": "#335"
    },
    {
      "id": 8,
      "type": "IPAdapterUnifiedLoader",
      "pos": [
        781,
        1413
      ],
      "size": {
        "0": 281.0981750488281,
        "1": 78.47836303710938
      },
      "flags": {
        "collapsed": false
      },
      "order": 20,
      "mode": 0,
      "inputs": [
        {
          "name": "model",
          "type": "MODEL",
          "link": 11
        },
        {
          "name": "ipadapter",
          "type": "IPADAPTER",
          "link": null
        }
      ],
      "outputs": [
        {
          "name": "model",
          "type": "MODEL",
          "links": [
            20
          ],
          "shape": 3,
          "slot_index": 0
        },
        {
          "name": "ipadapter",
          "type": "IPADAPTER",
          "links": [
            21
          ],
          "shape": 3,
          "slot_index": 1
        }
      ],
      "properties": {
        "Node name for S&R": "IPAdapterUnifiedLoader"
      },
      "widgets_values": [
        "PLUS (high strength)"
      ],
      "color": "#223",
      "bgcolor": "#335"
    },
    {
      "id": 23,
      "type": "LatentUpscaleBy",
      "pos": [
        1490,
        1071
      ],
      "size": {
        "0": 315,
        "1": 82
      },
      "flags": {},
      "order": 23,
      "mode": 0,
      "inputs": [
        {
          "name": "samples",
          "type": "LATENT",
          "link": 41
        }
      ],
      "outputs": [
        {
          "name": "LATENT",
          "type": "LATENT",
          "links": [
            37
          ],
          "shape": 3,
          "slot_index": 0
        }
      ],
      "properties": {
        "Node name for S&R": "LatentUpscaleBy"
      },
      "widgets_values": [
        "nearest-exact",
        1.5
      ],
      "color": "#323",
      "bgcolor": "#535"
    },
    {
      "id": 24,
      "type": "VHS_VideoCombine",
      "pos": [
        2725,
        1350
      ],
      "size": [
        281.8492431640625,
        310
      ],
      "flags": {},
      "order": 32,
      "mode": 0,
      "inputs": [
        {
          "name": "images",
          "type": "IMAGE",
          "link": 42
        },
        {
          "name": "audio",
          "type": "VHS_AUDIO",
          "link": null
        },
        {
          "name": "meta_batch",
          "type": "VHS_BatchManager",
          "link": null
        },
        {
          "name": "vae",
          "type": "VAE",
          "link": null
        }
      ],
      "outputs": [
        {
          "name": "Filenames",
          "type": "VHS_FILENAMES",
          "links": null,
          "shape": 3
        }
      ],
      "properties": {
        "Node name for S&R": "VHS_VideoCombine"
      },
      "widgets_values": {
        "frame_rate": 15,
        "loop_count": 0,
        "filename_prefix": "AnimateDiff",
        "format": "video/h264-mp4",
        "pix_fmt": "yuv420p",
        "crf": 15,
        "save_metadata": true,
        "pingpong": false,
        "save_output": false,
        "videopreview": {
          "hidden": false,
          "paused": true,
          "params": {
            "filename": "AnimateDiff_00031.mp4",
            "subfolder": "",
            "type": "temp",
            "format": "video/h264-mp4",
            "frame_rate": 15
          }
        }
      },
      "color": "#323",
      "bgcolor": "#535"
    },
    {
      "id": 12,
      "type": "RIFE VFI",
      "pos": [
        3192,
        1081
      ],
      "size": {
        "0": 443.4000244140625,
        "1": 198
      },
      "flags": {},
      "order": 31,
      "mode": 0,
      "inputs": [
        {
          "name": "frames",
          "type": "IMAGE",
          "link": 19
        },
        {
          "name": "optional_interpolation_states",
          "type": "INTERPOLATION_STATES",
          "link": null
        }
      ],
      "outputs": [
        {
          "name": "IMAGE",
          "type": "IMAGE",
          "links": [
            40
          ],
          "shape": 3,
          "slot_index": 0
        }
      ],
      "properties": {
        "Node name for S&R": "RIFE VFI"
      },
      "widgets_values": [
        "rife47.pth",
        10,
        2,
        true,
        true,
        1
      ],
      "color": "#323",
      "bgcolor": "#535"
    },
    {
      "id": 22,
      "type": "VHS_VideoCombine",
      "pos": [
        3223,
        1323
      ],
      "size": [
        387.5966491699219,
        310
      ],
      "flags": {},
      "order": 33,
      "mode": 0,
      "inputs": [
        {
          "name": "images",
          "type": "IMAGE",
          "link": 40
        },
        {
          "name": "audio",
          "type": "VHS_AUDIO",
          "link": null
        },
        {
          "name": "meta_batch",
          "type": "VHS_BatchManager",
          "link": null
        },
        {
          "name": "vae",
          "type": "VAE",
          "link": null
        }
      ],
      "outputs": [
        {
          "name": "Filenames",
          "type": "VHS_FILENAMES",
          "links": null,
          "shape": 3
        }
      ],
      "properties": {
        "Node name for S&R": "VHS_VideoCombine"
      },
      "widgets_values": {
        "frame_rate": 15,
        "loop_count": 0,
        "filename_prefix": "AnimateDiff",
        "format": "video/h264-mp4",
        "pix_fmt": "yuv420p",
        "crf": 15,
        "save_metadata": true,
        "pingpong": false,
        "save_output": false,
        "videopreview": {
          "hidden": false,
          "paused": true,
          "params": {
            "filename": "AnimateDiff_00032.mp4",
            "subfolder": "",
            "type": "temp",
            "format": "video/h264-mp4",
            "frame_rate": 15
          }
        }
      },
      "color": "#323",
      "bgcolor": "#535"
    },
    {
      "id": 31,
      "type": "VHS_LoadImagesPath",
      "pos": [
        748,
        1081
      ],
      "size": [
        362.47930908203125,
        194
      ],
      "flags": {},
      "order": 10,
      "mode": 0,
      "inputs": [
        {
          "name": "meta_batch",
          "type": "VHS_BatchManager",
          "link": null
        }
      ],
      "outputs": [
        {
          "name": "IMAGE",
          "type": "IMAGE",
          "links": [
            46
          ],
          "shape": 3,
          "slot_index": 0
        },
        {
          "name": "MASK",
          "type": "MASK",
          "links": null,
          "shape": 3
        },
        {
          "name": "frame_count",
          "type": "INT",
          "links": null,
          "shape": 3
        }
      ],
      "properties": {
        "Node name for S&R": "VHS_LoadImagesPath"
      },
      "widgets_values": {
        "directory": "D:\\COMFY\\ComfyUI\\ComfyUI_windows_portable\\ComfyUI\\output\\New folder (41)\\New folder (2)",
        "image_load_cap": 0,
        "skip_first_images": 0,
        "select_every_nth": 1,
        "choose folder to upload": "image",
        "videopreview": {
          "hidden": false,
          "paused": false,
          "params": {
            "frame_load_cap": 0,
            "skip_first_images": 0,
            "filename": "D:\\COMFY\\ComfyUI\\ComfyUI_windows_portable\\ComfyUI\\output\\New folder (41)\\New folder (2)",
            "type": "path",
            "format": "folder",
            "select_every_nth": 1
          }
        }
      },
      "color": "#223",
      "bgcolor": "#335"
    },
    {
      "id": 20,
      "type": "KSampler (Efficient)",
      "pos": [
        2246,
        1151
      ],
      "size": {
        "0": 300,
        "1": 620
      },
      "flags": {
        "pinned": false
      },
      "order": 27,
      "mode": 0,
      "inputs": [
        {
          "name": "model",
          "type": "MODEL",
          "link": 34
        },
        {
          "name": "positive",
          "type": "CONDITIONING",
          "link": 35
        },
        {
          "name": "negative",
          "type": "CONDITIONING",
          "link": 36
        },
        {
          "name": "latent_image",
          "type": "LATENT",
          "link": 37
        },
        {
          "name": "optional_vae",
          "type": "VAE",
          "link": 38
        },
        {
          "name": "script",
          "type": "SCRIPT",
          "link": null,
          "slot_index": 5
        },
        {
          "name": "seed",
          "type": "INT",
          "link": null,
          "widget": {
            "name": "seed"
          },
          "slot_index": 6
        }
      ],
      "outputs": [
        {
          "name": "MODEL",
          "type": "MODEL",
          "links": [],
          "shape": 3,
          "slot_index": 0
        },
        {
          "name": "CONDITIONING+",
          "type": "CONDITIONING",
          "links": [],
          "shape": 3,
          "slot_index": 1
        },
        {
          "name": "CONDITIONING-",
          "type": "CONDITIONING",
          "links": [],
          "shape": 3,
          "slot_index": 2
        },
        {
          "name": "LATENT",
          "type": "LATENT",
          "links": [
            17
          ],
          "shape": 3,
          "slot_index": 3
        },
        {
          "name": "VAE",
          "type": "VAE",
          "links": [],
          "shape": 3,
          "slot_index": 4
        },
        {
          "name": "IMAGE",
          "type": "IMAGE",
          "links": [],
          "shape": 3,
          "slot_index": 5
        }
      ],
      "properties": {
        "Node name for S&R": "KSampler (Efficient)"
      },
      "widgets_values": [
        1107266216876237,
        null,
        11,
        2.5,
        "lcm",
        "sgm_uniform",
        1,
        "auto",
        "true"
      ],
      "color": "#323",
      "bgcolor": "#535",
      "shape": 1
    },
    {
      "id": 19,
      "type": "KSampler (Efficient)",
      "pos": [
        1168,
        1192
      ],
      "size": {
        "0": 300,
        "1": 620
      },
      "flags": {
        "pinned": false
      },
      "order": 22,
      "mode": 0,
      "inputs": [
        {
          "name": "model",
          "type": "MODEL",
          "link": 28
        },
        {
          "name": "positive",
          "type": "CONDITIONING",
          "link": 29
        },
        {
          "name": "negative",
          "type": "CONDITIONING",
          "link": 30
        },
        {
          "name": "latent_image",
          "type": "LATENT",
          "link": 31
        },
        {
          "name": "optional_vae",
          "type": "VAE",
          "link": 32
        },
        {
          "name": "script",
          "type": "SCRIPT",
          "link": null,
          "slot_index": 5
        },
        {
          "name": "seed",
          "type": "INT",
          "link": 33,
          "widget": {
            "name": "seed"
          },
          "slot_index": 6
        }
      ],
      "outputs": [
        {
          "name": "MODEL",
          "type": "MODEL",
          "links": [],
          "shape": 3,
          "slot_index": 0
        },
        {
          "name": "CONDITIONING+",
          "type": "CONDITIONING",
          "links": [
            12
          ],
          "shape": 3,
          "slot_index": 1
        },
        {
          "name": "CONDITIONING-",
          "type": "CONDITIONING",
          "links": [
            13
          ],
          "shape": 3,
          "slot_index": 2
        },
        {
          "name": "LATENT",
          "type": "LATENT",
          "links": [
            1,
            41
          ],
          "shape": 3,
          "slot_index": 3
        },
        {
          "name": "VAE",
          "type": "VAE",
          "links": [
            2,
            16,
            18,
            38
          ],
          "shape": 3,
          "slot_index": 4
        },
        {
          "name": "IMAGE",
          "type": "IMAGE",
          "links": [],
          "shape": 3,
          "slot_index": 5
        }
      ],
      "properties": {
        "Node name for S&R": "KSampler (Efficient)"
      },
      "widgets_values": [
        1107266216876237,
        null,
        11,
        2.5,
        "lcm",
        "sgm_uniform",
        1,
        "auto",
        "true"
      ],
      "color": "#323",
      "bgcolor": "#535",
      "shape": 1
    },
    {
      "id": 15,
      "type": "Efficient Loader",
      "pos": [
        -50,
        1070
      ],
      "size": {
        "0": 381.9313659667969,
        "1": 885.4334106445312
      },
      "flags": {},
      "order": 17,
      "mode": 0,
      "inputs": [
        {
          "name": "lora_stack",
          "type": "LORA_STACK",
          "link": 24,
          "slot_index": 0
        },
        {
          "name": "cnet_stack",
          "type": "CONTROL_NET_STACK",
          "link": null
        },
        {
          "name": "empty_latent_width",
          "type": "INT",
          "link": 25,
          "widget": {
            "name": "empty_latent_width"
          }
        },
        {
          "name": "empty_latent_height",
          "type": "INT",
          "link": 26,
          "widget": {
            "name": "empty_latent_height"
          }
        },
        {
          "name": "batch_size",
          "type": "INT",
          "link": 27,
          "widget": {
            "name": "batch_size"
          },
          "slot_index": 4
        }
      ],
      "outputs": [
        {
          "name": "MODEL",
          "type": "MODEL",
          "links": [
            3
          ],
          "shape": 3,
          "slot_index": 0
        },
        {
          "name": "CONDITIONING+",
          "type": "CONDITIONING",
          "links": [
            29
          ],
          "shape": 3,
          "slot_index": 1
        },
        {
          "name": "CONDITIONING-",
          "type": "CONDITIONING",
          "links": [
            30
          ],
          "shape": 3,
          "slot_index": 2
        },
        {
          "name": "LATENT",
          "type": "LATENT",
          "links": [
            31
          ],
          "shape": 3,
          "slot_index": 3
        },
        {
          "name": "VAE",
          "type": "VAE",
          "links": [
            32
          ],
          "shape": 3,
          "slot_index": 4
        },
        {
          "name": "CLIP",
          "type": "CLIP",
          "links": [],
          "shape": 3,
          "slot_index": 5
        },
        {
          "name": "DEPENDENCIES",
          "type": "DEPENDENCIES",
          "links": null,
          "shape": 3,
          "slot_index": 6
        }
      ],
      "properties": {
        "Node name for S&R": "Efficient Loader"
      },
      "widgets_values": [
        "epicrealism_naturalSinRC1VAE.safetensors",
        "Baked VAE",
        -1,
        "PAseer-SD15-LCM Quick.safetensors",
        1,
        1,
        "4k\n\n\n\n",
        "watermark, text, signature, blurry, nsfw",
        "none",
        "comfy",
        576,
        320,
        48
      ],
      "color": "#432",
      "bgcolor": "#653",
      "shape": 1
    },
    {
      "id": 7,
      "type": "IPAdapterWeights",
      "pos": [
        730,
        1540
      ],
      "size": {
        "0": 400,
        "1": 344
      },
      "flags": {},
      "order": 16,
      "mode": 0,
      "inputs": [
        {
          "name": "image",
          "type": "IMAGE",
          "link": 47
        }
      ],
      "outputs": [
        {
          "name": "weights",
          "type": "FLOAT",
          "links": [],
          "shape": 3,
          "slot_index": 0
        },
        {
          "name": "weights_invert",
          "type": "FLOAT",
          "links": [],
          "shape": 3,
          "slot_index": 1
        },
        {
          "name": "total_frames",
          "type": "INT",
          "links": [
            27
          ],
          "shape": 3,
          "slot_index": 2
        },
        {
          "name": "image_1",
          "type": "IMAGE",
          "links": [
            22
          ],
          "shape": 3,
          "slot_index": 3
        },
        {
          "name": "image_2",
          "type": "IMAGE",
          "links": [],
          "shape": 3,
          "slot_index": 4
        },
        {
          "name": "weights_strategy",
          "type": "WEIGHTS_STRATEGY",
          "links": null,
          "shape": 3
        }
      ],
      "properties": {
        "Node name for S&R": "IPAdapterWeights"
      },
      "widgets_values": [
        "1.0, 0.0",
        "ease_in_out",
        8,
        1,
        9999,
        8,
        8,
        "full batch"
      ],
      "color": "#223",
      "bgcolor": "#335"
    },
    {
      "id": 34,
      "type": "Note",
      "pos": [
        1809,
        920
      ],
      "size": {
        "0": 416.1656799316406,
        "1": 73.8027572631836
      },
      "flags": {},
      "order": 11,
      "mode": 0,
      "properties": {
        "text": ""
      },
      "widgets_values": [
        "The controlnet checkpoint I use is here:\nhttps://huggingface.co/crishhh/animatediff_controlnet/tree/main"
      ],
      "color": "#432",
      "bgcolor": "#653"
    },
    {
      "id": 32,
      "type": "Note",
      "pos": [
        720,
        921
      ],
      "size": {
        "0": 416.1656799316406,
        "1": 73.8027572631836
      },
      "flags": {},
      "order": 12,
      "mode": 0,
      "properties": {
        "text": ""
      },
      "widgets_values": [
        "Your images should be in a folder, named in the sequence order you want and they will get pick up by this Load Images node."
      ],
      "color": "#432",
      "bgcolor": "#653"
    },
    {
      "id": 35,
      "type": "Note",
      "pos": [
        -317,
        844
      ],
      "size": [
        545.8071449015165,
        139.05405737089234
      ],
      "flags": {},
      "order": 13,
      "mode": 0,
      "properties": {
        "text": ""
      },
      "widgets_values": [
        "You can download the LoRA models I use from this link: https://drive.google.com/drive/folders/1GUvsbjVCQzTe9w8BGlx1nf2bi5YBAJ7U?usp=sharing. Using these will help you achieve similar results. 📥\n\nFor the best realism, I recommend this checkpoint: https://civitai.com/models/25694/epicrealism. I’ve tested many, and this one stands out. 🎨"
      ],
      "color": "#432",
      "bgcolor": "#653"
    }
  ],
  "links": [
    [
      1,
      19,
      3,
      1,
      0,
      "LATENT"
    ],
    [
      2,
      19,
      4,
      1,
      1,
      "VAE"
    ],
    [
      3,
      15,
      0,
      2,
      0,
      "MODEL"
    ],
    [
      4,
      2,
      0,
      3,
      0,
      "MODEL"
    ],
    [
      5,
      4,
      0,
      3,
      1,
      "M_MODELS"
    ],
    [
      6,
      6,
      0,
      3,
      2,
      "CONTEXT_OPTIONS"
    ],
    [
      7,
      29,
      0,
      3,
      3,
      "SAMPLE_SETTINGS"
    ],
    [
      8,
      5,
      0,
      4,
      0,
      "MOTION_MODEL_ADE"
    ],
    [
      9,
      28,
      0,
      4,
      2,
      "MULTIVAL"
    ],
    [
      11,
      3,
      0,
      8,
      0,
      "MODEL"
    ],
    [
      12,
      19,
      1,
      9,
      0,
      "CONDITIONING"
    ],
    [
      13,
      19,
      2,
      9,
      1,
      "CONDITIONING"
    ],
    [
      14,
      10,
      0,
      9,
      2,
      "CONTROL_NET"
    ],
    [
      15,
      1,
      0,
      9,
      3,
      "IMAGE"
    ],
    [
      16,
      19,
      4,
      9,
      9,
      "VAE"
    ],
    [
      17,
      20,
      3,
      11,
      0,
      "LATENT"
    ],
    [
      18,
      19,
      4,
      11,
      1,
      "VAE"
    ],
    [
      19,
      27,
      0,
      12,
      0,
      "IMAGE"
    ],
    [
      20,
      8,
      0,
      14,
      0,
      "MODEL"
    ],
    [
      21,
      8,
      1,
      14,
      1,
      "IPADAPTER"
    ],
    [
      22,
      7,
      3,
      14,
      2,
      "IMAGE"
    ],
    [
      23,
      13,
      0,
      14,
      3,
      "IMAGE"
    ],
    [
      24,
      17,
      0,
      15,
      0,
      "LORA_STACK"
    ],
    [
      25,
      16,
      0,
      15,
      2,
      "INT"
    ],
    [
      26,
      16,
      1,
      15,
      3,
      "INT"
    ],
    [
      27,
      7,
      2,
      15,
      4,
      "INT"
    ],
    [
      28,
      14,
      0,
      19,
      0,
      "MODEL"
    ],
    [
      29,
      15,
      1,
      19,
      1,
      "CONDITIONING"
    ],
    [
      30,
      15,
      2,
      19,
      2,
      "CONDITIONING"
    ],
    [
      31,
      15,
      3,
      19,
      3,
      "LATENT"
    ],
    [
      32,
      15,
      4,
      19,
      4,
      "VAE"
    ],
    [
      33,
      18,
      0,
      19,
      6,
      "INT"
    ],
    [
      34,
      14,
      0,
      20,
      0,
      "MODEL"
    ],
    [
      35,
      9,
      0,
      20,
      1,
      "CONDITIONING"
    ],
    [
      36,
      9,
      1,
      20,
      2,
      "CONDITIONING"
    ],
    [
      37,
      23,
      0,
      20,
      3,
      "LATENT"
    ],
    [
      38,
      19,
      4,
      20,
      4,
      "VAE"
    ],
    [
      39,
      1,
      0,
      21,
      0,
      "IMAGE"
    ],
    [
      40,
      12,
      0,
      22,
      0,
      "IMAGE"
    ],
    [
      41,
      19,
      3,
      23,
      0,
      "LATENT"
    ],
    [
      42,
      27,
      0,
      24,
      0,
      "IMAGE"
    ],
    [
      43,
      25,
      0,
      26,
      0,
      "UPSCALE_MODEL"
    ],
    [
      44,
      11,
      0,
      26,
      1,
      "IMAGE"
    ],
    [
      45,
      26,
      0,
      27,
      0,
      "IMAGE"
    ],
    [
      46,
      31,
      0,
      33,
      0,
      "IMAGE"
    ],
    [
      47,
      33,
      0,
      7,
      0,
      "IMAGE"
    ]
  ],
  "groups": [
    {
      "title": "Group",
      "bounding": [
        -500,
        996,
        842,
        921
      ],
      "color": "#b58b2a",
      "font_size": 24,
      "locked": false
    },
    {
      "title": "Group",
      "bounding": [
        359,
        1001,
        339,
        1252
      ],
      "color": "#8AA",
      "font_size": 24,
      "locked": false
    },
    {
      "title": "Group",
      "bounding": [
        720,
        1007,
        420,
        1289
      ],
      "color": "#88A",
      "font_size": 24,
      "locked": false
    },
    {
      "title": "Fast Preview",
      "bounding": [
        1159,
        1005,
        656,
        817
      ],
      "color": "#a1309b",
      "font_size": 24,
      "locked": false
    },
    {
      "title": "Group",
      "bounding": [
        1827,
        1008,
        388,
        480
      ],
      "color": "#444",
      "font_size": 24,
      "locked": false
    },
    {
      "title": "Upscale",
      "bounding": [
        2229,
        1005,
        912,
        784
      ],
      "color": "#a1309b",
      "font_size": 24,
      "locked": false
    },
    {
      "title": "Interpolate",
      "bounding": [
        3163,
        1003,
        506,
        781
      ],
      "color": "#a1309b",
      "font_size": 24,
      "locked": false
    },
    {
      "title": "Check out this video where I walk through the workflow and share important notes and settings: https://youtu.be/hij6r929W70 🎥",
      "bounding": [
        -531,
        670,
        2990,
        80
      ],
      "color": "#3f789e",
      "font_size": 50,
      "locked": false
    }
  ],
  "config": {},
  "extra": {
    "ds": {
      "scale": 0.40909090909090967,
      "offset": [
        1414.1546054175342,
        -168.89630033702772
      ]
    }
  },
  "version": 0.4
}