{"id":"719539d4-f0e0-47d8-b740-f1ea107f1a48","revision":0,"last_node_id":641,"last_link_id":1038,"nodes":[{"id":631,"type":"KSamplerAdvanced","pos":[580,1160],"size":[250,560],"flags":{"pinned":true},"order":55,"mode":0,"inputs":[{"localized_name":"model","name":"model","type":"MODEL","link":1001},{"localized_name":"positive","name":"positive","type":"CONDITIONING","link":995},{"localized_name":"negative","name":"negative","type":"CONDITIONING","link":1025},{"localized_name":"latent_image","name":"latent_image","type":"LATENT","link":1034},{"localized_name":"add_noise","name":"add_noise","type":"COMBO","widget":{"name":"add_noise"},"link":null},{"localized_name":"noise_seed","name":"noise_seed","type":"INT","widget":{"name":"noise_seed"},"link":null},{"localized_name":"steps","name":"steps","type":"INT","widget":{"name":"steps"},"link":981},{"localized_name":"cfg","name":"cfg","type":"FLOAT","widget":{"name":"cfg"},"link":null},{"localized_name":"sampler_name","name":"sampler_name","type":"COMBO","widget":{"name":"sampler_name"},"link":null},{"localized_name":"scheduler","name":"scheduler","type":"COMBO","widget":{"name":"scheduler"},"link":null},{"localized_name":"start_at_step","name":"start_at_step","type":"INT","widget":{"name":"start_at_step"},"link":977},{"localized_name":"end_at_step","name":"end_at_step","type":"INT","widget":{"name":"end_at_step"},"link":1024},{"localized_name":"return_with_leftover_noise","name":"return_with_leftover_noise","type":"COMBO","widget":{"name":"return_with_leftover_noise"},"link":null}],"outputs":[{"localized_name":"LATENT","name":"LATENT","type":"LATENT","links":[1022]}],"title":"Low Noise with Lightning","properties":{"cnr_id":"comfy-core","ver":"0.3.51","Node name for S&R":"KSamplerAdvanced"},"widgets_values":["disable",0,"fixed",20,1,"euler","beta",0,10000,"disable"],"color":"#223","bgcolor":"#335"},{"id":635,"type":"ModelSamplingSD3","pos":[320,920],"size":[250,60],"flags":{"pinned":true},"order":51,"mode":0,"inputs":[{"localized_name":"model","name":"model","type":"MODEL","link":983},{"localized_name":"shift","name":"shift","type":"FLOAT","widget":{"name":"shift"},"link":null}],"outputs":[{"localized_name":"MODEL","name":"MODEL","type":"MODEL","slot_index":0,"links":[1000,1018]}],"title":"Shift (default 8.0)","properties":{"cnr_id":"comfy-core","ver":"0.3.36","Node name for S&R":"ModelSamplingSD3","widget_ue_connectable":{}},"widgets_values":[8],"color":"#223","bgcolor":"#335"},{"id":636,"type":"ModelSamplingSD3","pos":[580,920],"size":[250,60],"flags":{"pinned":true},"order":52,"mode":0,"inputs":[{"localized_name":"model","name":"model","type":"MODEL","link":984},{"localized_name":"shift","name":"shift","type":"FLOAT","widget":{"name":"shift"},"link":null}],"outputs":[{"localized_name":"MODEL","name":"MODEL","type":"MODEL","slot_index":0,"links":[1001,1021]}],"title":"Shift (default 8.0)","properties":{"cnr_id":"comfy-core","ver":"0.3.36","Node name for S&R":"ModelSamplingSD3","widget_ue_connectable":{}},"widgets_values":[8],"color":"#223","bgcolor":"#335"},{"id":633,"type":"easy int","pos":[320,1040],"size":[250,60],"flags":{"pinned":true},"order":0,"mode":0,"inputs":[{"localized_name":"value","name":"value","type":"INT","widget":{"name":"value"},"link":null}],"outputs":[{"localized_name":"int","name":"int","type":"INT","links":[976,977]}],"title":"2nd End Step (default 8)","properties":{"cnr_id":"comfyui-easy-use","ver":"1.3.1","Node name for S&R":"easy int"},"widgets_values":[8],"color":"#223","bgcolor":"#335"},{"id":634,"type":"easy int","pos":[580,1040],"size":[250,60],"flags":{"pinned":true},"order":1,"mode":0,"inputs":[{"localized_name":"value","name":"value","type":"INT","widget":{"name":"value"},"link":null}],"outputs":[{"localized_name":"int","name":"int","type":"INT","links":[979,980,981,1024]}],"title":"Last End Step (default 12)","properties":{"cnr_id":"comfyui-easy-use","ver":"1.3.1","Node name for S&R":"easy int"},"widgets_values":[12],"color":"#223","bgcolor":"#335"},{"id":632,"type":"easy int","pos":[60,1040],"size":[250,60],"flags":{"pinned":true},"order":2,"mode":0,"inputs":[{"localized_name":"value","name":"value","type":"INT","widget":{"name":"value"},"link":null}],"outputs":[{"localized_name":"int","name":"int","type":"INT","links":[974,975]}],"title":"1st End Step (default 4)","properties":{"cnr_id":"comfyui-easy-use","ver":"1.3.1","Node name for S&R":"easy int"},"widgets_values":[4],"color":"#323","bgcolor":"#535"},{"id":630,"type":"KSamplerAdvanced","pos":[320,1160],"size":[250,560],"flags":{"pinned":true},"order":53,"mode":0,"inputs":[{"localized_name":"model","name":"model","type":"MODEL","link":1000},{"localized_name":"positive","name":"positive","type":"CONDITIONING","link":990},{"localized_name":"negative","name":"negative","type":"CONDITIONING","link":992},{"localized_name":"latent_image","name":"latent_image","type":"LATENT","link":1017},{"localized_name":"add_noise","name":"add_noise","type":"COMBO","widget":{"name":"add_noise"},"link":null},{"localized_name":"noise_seed","name":"noise_seed","type":"INT","widget":{"name":"noise_seed"},"link":null},{"localized_name":"steps","name":"steps","type":"INT","widget":{"name":"steps"},"link":980},{"localized_name":"cfg","name":"cfg","type":"FLOAT","widget":{"name":"cfg"},"link":null},{"localized_name":"sampler_name","name":"sampler_name","type":"COMBO","widget":{"name":"sampler_name"},"link":null},{"localized_name":"scheduler","name":"scheduler","type":"COMBO","widget":{"name":"scheduler"},"link":null},{"localized_name":"start_at_step","name":"start_at_step","type":"INT","widget":{"name":"start_at_step"},"link":975},{"localized_name":"end_at_step","name":"end_at_step","type":"INT","widget":{"name":"end_at_step"},"link":976},{"localized_name":"return_with_leftover_noise","name":"return_with_leftover_noise","type":"COMBO","widget":{"name":"return_with_leftover_noise"},"link":null}],"outputs":[{"localized_name":"LATENT","name":"LATENT","type":"LATENT","links":[1033]}],"title":"High Noise with Lightning","properties":{"cnr_id":"comfy-core","ver":"0.3.51","Node name for S&R":"KSamplerAdvanced"},"widgets_values":["disable",0,"fixed",20,1,"euler","beta",0,10000,"enable"],"color":"#223","bgcolor":"#335"},{"id":629,"type":"KSamplerAdvanced","pos":[60,1160],"size":[250,560],"flags":{"pinned":true},"order":47,"mode":0,"inputs":[{"localized_name":"model","name":"model","type":"MODEL","link":999},{"localized_name":"positive","name":"positive","type":"CONDITIONING","link":989},{"localized_name":"negative","name":"negative","type":"CONDITIONING","link":991},{"localized_name":"latent_image","name":"latent_image","type":"LATENT","link":998},{"localized_name":"add_noise","name":"add_noise","type":"COMBO","widget":{"name":"add_noise"},"link":null},{"localized_name":"noise_seed","name":"noise_seed","type":"INT","widget":{"name":"noise_seed"},"link":null},{"localized_name":"steps","name":"steps","type":"INT","widget":{"name":"steps"},"link":979},{"localized_name":"cfg","name":"cfg","type":"FLOAT","widget":{"name":"cfg"},"link":null},{"localized_name":"sampler_name","name":"sampler_name","type":"COMBO","widget":{"name":"sampler_name"},"link":null},{"localized_name":"scheduler","name":"scheduler","type":"COMBO","widget":{"name":"scheduler"},"link":null},{"localized_name":"start_at_step","name":"start_at_step","type":"INT","widget":{"name":"start_at_step"},"link":null},{"localized_name":"end_at_step","name":"end_at_step","type":"INT","widget":{"name":"end_at_step"},"link":974},{"localized_name":"return_with_leftover_noise","name":"return_with_leftover_noise","type":"COMBO","widget":{"name":"return_with_leftover_noise"},"link":null}],"outputs":[{"localized_name":"LATENT","name":"LATENT","type":"LATENT","links":[1016]}],"title":"High Noise no Lightning","properties":{"cnr_id":"comfy-core","ver":"0.3.51","Node name for S&R":"KSamplerAdvanced"},"widgets_values":["enable",1,"increment",20,2.5,"euler","beta",0,10000,"enable"],"color":"#323","bgcolor":"#535"},{"id":567,"type":"easy mathInt","pos":[630,300],"size":[270,106],"flags":{"collapsed":true,"pinned":true},"order":33,"mode":0,"inputs":[{"localized_name":"a","name":"a","type":"INT","widget":{"name":"a"},"link":892},{"localized_name":"b","name":"b","type":"INT","widget":{"name":"b"},"link":null},{"localized_name":"operation","name":"operation","type":"COMBO","widget":{"name":"operation"},"link":null}],"outputs":[{"localized_name":"INT","name":"INT","type":"INT","links":[893]}],"title":"length","properties":{"cnr_id":"comfyui-easy-use","ver":"1.3.1","Node name for S&R":"easy mathInt"},"widgets_values":[0,1,"add"],"color":"#432","bgcolor":"#653"},{"id":588,"type":"SimpleMath+","pos":[760,300],"size":[269.78564453125,78],"flags":{"collapsed":true,"pinned":true},"order":29,"mode":0,"inputs":[{"localized_name":"a","name":"a","shape":7,"type":"INT,FLOAT","link":919},{"localized_name":"b","name":"b","shape":7,"type":"INT,FLOAT","link":null},{"localized_name":"value","name":"value","type":"STRING","widget":{"name":"value"},"link":null},{"name":"c","shape":7,"type":"*","link":null}],"outputs":[{"localized_name":"INT","name":"INT","type":"INT","links":[]},{"localized_name":"FLOAT","name":"FLOAT","type":"FLOAT","links":[920]}],"title":"fps","properties":{"cnr_id":"comfyui_essentials","ver":"1.1.0","Node name for S&R":"SimpleMath+"},"widgets_values":["a"],"color":"#432","bgcolor":"#653"},{"id":587,"type":"SimpleMath+","pos":[730,350],"size":[270,90],"flags":{"collapsed":true,"pinned":true},"order":30,"mode":0,"inputs":[{"localized_name":"a","name":"a","shape":7,"type":"INT,FLOAT","link":915},{"localized_name":"b","name":"b","shape":7,"type":"INT,FLOAT","link":917},{"localized_name":"value","name":"value","type":"STRING","widget":{"name":"value"},"link":null},{"name":"c","shape":7,"type":"*","link":null}],"outputs":[{"localized_name":"INT","name":"INT","type":"INT","links":[]},{"localized_name":"FLOAT","name":"FLOAT","type":"FLOAT","links":[931]}],"title":"Final fps","properties":{"cnr_id":"comfyui_essentials","ver":"1.1.0","Node name for S&R":"SimpleMath+"},"widgets_values":["a*b"],"color":"#432","bgcolor":"#653"},{"id":530,"type":"CLIPTextEncode","pos":[630,350],"size":[530,150],"flags":{"collapsed":true,"pinned":true},"order":31,"mode":0,"inputs":[{"localized_name":"clip","name":"clip","type":"CLIP","link":973},{"localized_name":"text","name":"text","type":"STRING","widget":{"name":"text"},"link":963}],"outputs":[{"localized_name":"CONDITIONING","name":"CONDITIONING","type":"CONDITIONING","links":[861,865,1002]}],"title":"neg","properties":{"cnr_id":"comfy-core","ver":"0.3.43","Node name for S&R":"CLIPTextEncode"},"widgets_values":["eating, chewing, slowmo video, slow motion, bullet time effect, low quality video, worst quality, blurry, mutation, deformation, amputation, bad anatomy, high contrast, overexposed, oversaturated, garish colours, colour shift, colour change, camera flash, bright, deformed face, bad teeth, poor eyes, deformed eyes, aliasing, pixelation, anime, toon, manga, drawing, 色调艳丽，过曝，静态，细节模糊不清，字幕，风格，作品，画作，画面，静止，整体发灰，最差质量，低质量，JPEG压缩残留，丑陋的，残缺的，多余的手指，画得不好的手部，画得不好的脸部，畸形的，毁容的，形态畸形的肢体，手指融合，静止不动的画面，杂乱的背景，三条腿，背景人很"],"color":"#322","bgcolor":"#533"},{"id":529,"type":"CLIPTextEncode","pos":[530,350],"size":[530,310],"flags":{"collapsed":true,"pinned":true},"order":37,"mode":0,"inputs":[{"localized_name":"clip","name":"clip","type":"CLIP","link":972},{"localized_name":"text","name":"text","type":"STRING","widget":{"name":"text"},"link":961}],"outputs":[{"localized_name":"CONDITIONING","name":"CONDITIONING","type":"CONDITIONING","links":[864]}],"title":"pos","properties":{"cnr_id":"comfy-core","ver":"0.3.43","Node name for S&R":"CLIPTextEncode"},"widgets_values":["A friendly waitress in an Irish pub smiles warmly at the camera while holding up a rustic wooden tray. On the tray is a classic burger and fries meal, featuring a juicy burger with melted cheese, bacon, crisp lettuce, fresh tomato slices, and tangy pickle slices visible inside. The golden bun is sprinkled with sesame seeds, adding a rustic touch. The rendered scene shows the rich meat juices, enhancing the burger’s mouth-watering appeal. The tray also includes ketchup in small rustic bowls and a fresh, cool Coca-Cola with Carbon dioxide bubbles in it in a glass with ice cubes and a slice of lemon. The crispy, golden fries complement the meal perfectly. In the background on the left side, a man dressed in a Batman costume steps forward toward the foreground and confidently grabs the burger from the tray. The cozy pub ambiance with wooden interiors and soft lighting enhances the authentic, welcoming atmosphere."],"color":"#232","bgcolor":"#353"},{"id":8,"type":"VAEDecode","pos":[720,410],"size":[310,50],"flags":{"collapsed":true,"pinned":true},"order":57,"mode":0,"inputs":[{"localized_name":"samples","name":"samples","type":"LATENT","link":1023},{"localized_name":"vae","name":"vae","type":"VAE","link":888}],"outputs":[{"localized_name":"IMAGE","name":"IMAGE","type":"IMAGE","slot_index":0,"links":[873,887,900]}],"title":"Frames","properties":{"cnr_id":"comfy-core","ver":"0.3.18","Node name for S&R":"VAEDecode"},"widgets_values":[],"color":"#223","bgcolor":"#335"},{"id":555,"type":"WanVideoNAG","pos":[680,470],"size":[380,150],"flags":{"collapsed":true,"pinned":true},"order":34,"mode":0,"inputs":[{"localized_name":"model","name":"model","type":"MODEL","link":1009},{"localized_name":"conditioning","name":"conditioning","type":"CONDITIONING","link":861},{"localized_name":"nag_scale","name":"nag_scale","type":"FLOAT","widget":{"name":"nag_scale"},"link":null},{"localized_name":"nag_alpha","name":"nag_alpha","type":"FLOAT","widget":{"name":"nag_alpha"},"link":null},{"localized_name":"nag_tau","name":"nag_tau","type":"FLOAT","widget":{"name":"nag_tau"},"link":null},{"localized_name":"input_type","name":"input_type","shape":7,"type":"COMBO","widget":{"name":"input_type"},"link":null}],"outputs":[{"localized_name":"model","name":"model","type":"MODEL","links":[1006]}],"properties":{"cnr_id":"comfyui-kjnodes","ver":"f7eb33abc80a2aded1b46dff0dd14d07856a7d50","Node name for S&R":"WanVideoNAG","widget_ue_connectable":{}},"widgets_values":[11,0.25,2.5,"default"],"color":"#322","bgcolor":"#533"},{"id":290,"type":"easy loraStackApply","pos":[720,670],"size":[252,66],"flags":{"collapsed":true,"pinned":true},"order":42,"mode":0,"inputs":[{"localized_name":"lora_stack","name":"lora_stack","type":"LORA_STACK","link":412},{"localized_name":"model","name":"model","type":"MODEL","link":1036},{"localized_name":"optional_clip","name":"optional_clip","shape":7,"type":"CLIP","link":null}],"outputs":[{"localized_name":"model","name":"model","type":"MODEL","slot_index":0,"links":[1031]},{"localized_name":"clip","name":"clip","type":"CLIP","slot_index":1,"links":[]}],"title":"Loras","properties":{"cnr_id":"comfyui-easy-use","ver":"63a1ca5ec6e9e3b02a338b34e56b3ed6938db061","Node name for S&R":"easy loraStackApply","aux_id":"yolain/ComfyUI-Easy-Use"},"widgets_values":[],"color":"#223","bgcolor":"#335"},{"id":610,"type":"UnetLoaderGGUF","pos":[-440,30],"size":[380,58],"flags":{"pinned":true},"order":3,"mode":0,"inputs":[{"localized_name":"unet_name","name":"unet_name","type":"COMBO","widget":{"name":"unet_name"},"link":null}],"outputs":[{"localized_name":"MODEL","name":"MODEL","type":"MODEL","links":[1027]}],"title":"Load High Noise GGUF Model","properties":{"cnr_id":"comfyui-gguf","ver":"b3ec875a68d94b758914fd48d30571d953bb7a54","Node name for S&R":"UnetLoaderGGUF","ue_properties":{"version":"7.0.1","widget_ue_connectable":{"unet_name":true}}},"widgets_values":["wan2.2_i2v_high_noise_14B_Q8_0.gguf"],"color":"#432","bgcolor":"#653"},{"id":611,"type":"UnetLoaderGGUF","pos":[-440,150],"size":[380,58],"flags":{"pinned":true},"order":4,"mode":0,"inputs":[{"localized_name":"unet_name","name":"unet_name","type":"COMBO","widget":{"name":"unet_name"},"link":null}],"outputs":[{"localized_name":"MODEL","name":"MODEL","type":"MODEL","links":[1026]}],"title":"Load Low Noise GGUF Model","properties":{"cnr_id":"comfyui-gguf","ver":"b3ec875a68d94b758914fd48d30571d953bb7a54","Node name for S&R":"UnetLoaderGGUF","ue_properties":{"version":"7.0.1","widget_ue_connectable":{"unet_name":true}}},"widgets_values":["wan2.2_i2v_low_noise_14B_Q8_0.gguf"],"color":"#432","bgcolor":"#653"},{"id":614,"type":"PrimitiveBoolean","pos":[-440,260],"size":[210,60],"flags":{"pinned":true},"order":5,"mode":0,"inputs":[{"localized_name":"value","name":"value","type":"BOOLEAN","widget":{"name":"value"},"link":null}],"outputs":[{"localized_name":"BOOLEAN","name":"BOOLEAN","type":"BOOLEAN","links":[944,945]}],"title":"Use GGUF Model?","properties":{"cnr_id":"comfy-core","ver":"0.3.50","Node name for S&R":"PrimitiveBoolean"},"widgets_values":[false],"color":"#432","bgcolor":"#653"},{"id":549,"type":"UNETLoader","pos":[-440,370],"size":[380,82],"flags":{"pinned":true},"order":6,"mode":0,"inputs":[{"localized_name":"unet_name","name":"unet_name","type":"COMBO","widget":{"name":"unet_name"},"link":null},{"localized_name":"weight_dtype","name":"weight_dtype","type":"COMBO","widget":{"name":"weight_dtype"},"link":null}],"outputs":[{"localized_name":"MODEL","name":"MODEL","type":"MODEL","slot_index":0,"links":[1028]}],"title":"Load High Noise safetensors Model","properties":{"cnr_id":"comfy-core","ver":"0.3.36","Node name for S&R":"UNETLoader","models":[{"name":"wan2.1_i2v_480p_14B_fp16.safetensors","url":"https://huggingface.co/Comfy-Org/Wan_2.1_ComfyUI_repackaged/resolve/main/split_files/diffusion_models/wan2.1_i2v_480p_14B_fp16.safetensors?download=true","directory":"diffusion_models"}],"widget_ue_connectable":{}},"widgets_values":["wanVideo22_i2vHighNoise14BFp8Sd.safetensors","default"],"color":"#432","bgcolor":"#653"},{"id":612,"type":"UNETLoader","pos":[-440,500],"size":[380,82],"flags":{"pinned":true},"order":7,"mode":0,"inputs":[{"localized_name":"unet_name","name":"unet_name","type":"COMBO","widget":{"name":"unet_name"},"link":null},{"localized_name":"weight_dtype","name":"weight_dtype","type":"COMBO","widget":{"name":"weight_dtype"},"link":null}],"outputs":[{"localized_name":"MODEL","name":"MODEL","type":"MODEL","slot_index":0,"links":[1014]}],"title":"Load Low Noise safetensors Model","properties":{"cnr_id":"comfy-core","ver":"0.3.36","Node name for S&R":"UNETLoader","models":[{"name":"wan2.1_i2v_480p_14B_fp16.safetensors","url":"https://huggingface.co/Comfy-Org/Wan_2.1_ComfyUI_repackaged/resolve/main/split_files/diffusion_models/wan2.1_i2v_480p_14B_fp16.safetensors?download=true","directory":"diffusion_models"}],"widget_ue_connectable":{}},"widgets_values":["wanVideo22_i2vLowNoise14BFp8Scd.safetensors","default"],"color":"#432","bgcolor":"#653"},{"id":553,"type":"LoadImage","pos":[-40,30],"size":[260,326],"flags":{"pinned":true},"order":8,"mode":0,"inputs":[{"localized_name":"image","name":"image","type":"COMBO","widget":{"name":"image"},"link":null},{"localized_name":"upload","name":"upload","type":"IMAGEUPLOAD","widget":{"name":"upload"},"link":null}],"outputs":[{"localized_name":"IMAGE","name":"IMAGE","type":"IMAGE","links":[867]},{"localized_name":"MASK","name":"MASK","type":"MASK","links":null}],"properties":{"cnr_id":"comfy-core","ver":"0.3.44","Node name for S&R":"LoadImage"},"widgets_values":["example.png","image"],"color":"#432","bgcolor":"#653"},{"id":566,"type":"easy mathInt","pos":[530,300],"size":[270,106],"flags":{"collapsed":true,"pinned":true},"order":28,"mode":0,"inputs":[{"localized_name":"a","name":"a","type":"INT","widget":{"name":"a"},"link":891},{"localized_name":"b","name":"b","type":"INT","widget":{"name":"b"},"link":null},{"localized_name":"operation","name":"operation","type":"COMBO","widget":{"name":"operation"},"link":null}],"outputs":[{"localized_name":"INT","name":"INT","type":"INT","links":[892]}],"title":"length","properties":{"cnr_id":"comfyui-easy-use","ver":"1.3.1","Node name for S&R":"easy mathInt"},"widgets_values":[0,16,"multiply"],"color":"#432","bgcolor":"#653"},{"id":554,"type":"WanImageToVideo","pos":[530,30],"size":[270,210],"flags":{"pinned":true},"order":41,"mode":0,"inputs":[{"localized_name":"positive","name":"positive","type":"CONDITIONING","link":864},{"localized_name":"negative","name":"negative","type":"CONDITIONING","link":865},{"localized_name":"vae","name":"vae","type":"VAE","link":866},{"localized_name":"clip_vision_output","name":"clip_vision_output","shape":7,"type":"CLIP_VISION_OUTPUT","link":null},{"localized_name":"start_image","name":"start_image","shape":7,"type":"IMAGE","link":867},{"localized_name":"width","name":"width","type":"INT","widget":{"name":"width"},"link":null},{"localized_name":"height","name":"height","type":"INT","widget":{"name":"height"},"link":null},{"localized_name":"length","name":"length","type":"INT","widget":{"name":"length"},"link":893},{"localized_name":"batch_size","name":"batch_size","type":"INT","widget":{"name":"batch_size"},"link":null}],"outputs":[{"localized_name":"positive","name":"positive","type":"CONDITIONING","links":[989,990,995]},{"localized_name":"negative","name":"negative","type":"CONDITIONING","links":[991,992,1025]},{"localized_name":"latent","name":"latent","type":"LATENT","links":[998]}],"properties":{"cnr_id":"comfy-core","ver":"0.3.44","Node name for S&R":"WanImageToVideo"},"widgets_values":[800,1200,49,1],"color":"#432","bgcolor":"#653"},{"id":565,"type":"easy int","pos":[230,30],"size":[280,60],"flags":{"pinned":true},"order":9,"mode":0,"inputs":[{"localized_name":"value","name":"value","type":"INT","widget":{"name":"value"},"link":null}],"outputs":[{"localized_name":"int","name":"int","type":"INT","links":[891]}],"title":"Video Length in Seconds (1 to 5)","properties":{"cnr_id":"comfyui-easy-use","ver":"1.3.1","Node name for S&R":"easy int"},"widgets_values":[5],"color":"#432","bgcolor":"#653"},{"id":586,"type":"easy int","pos":[230,150],"size":[280,60],"flags":{"pinned":true},"order":10,"mode":0,"inputs":[{"localized_name":"value","name":"value","type":"INT","widget":{"name":"value"},"link":null}],"outputs":[{"localized_name":"int","name":"int","type":"INT","links":[917,919]}],"title":"Initial Frame Rate (default 16)","properties":{"cnr_id":"comfyui-easy-use","ver":"1.3.1","Node name for S&R":"easy int"},"widgets_values":[16],"color":"#432","bgcolor":"#653"},{"id":584,"type":"easy int","pos":[230,270],"size":[280,60],"flags":{"pinned":true},"order":11,"mode":0,"inputs":[{"localized_name":"value","name":"value","type":"INT","widget":{"name":"value"},"link":null}],"outputs":[{"localized_name":"int","name":"int","type":"INT","links":[910,915]}],"title":"Frame Multiplier (2 doubles fps)","properties":{"cnr_id":"comfyui-easy-use","ver":"1.3.1","Node name for S&R":"easy int"},"widgets_values":[2],"color":"#432","bgcolor":"#653"},{"id":550,"type":"CLIPLoader","pos":[-440,630],"size":[380,106],"flags":{"pinned":true},"order":12,"mode":0,"inputs":[{"localized_name":"clip_name","name":"clip_name","type":"COMBO","widget":{"name":"clip_name"},"link":null},{"localized_name":"type","name":"type","type":"COMBO","widget":{"name":"type"},"link":null},{"localized_name":"device","name":"device","shape":7,"type":"COMBO","widget":{"name":"device"},"link":null}],"outputs":[{"localized_name":"CLIP","name":"CLIP","type":"CLIP","slot_index":0,"links":[970,973]}],"properties":{"cnr_id":"comfy-core","ver":"0.3.36","Node name for S&R":"CLIPLoader","models":[{"name":"umt5_xxl_fp8_e4m3fn_scaled.safetensors","url":"https://huggingface.co/Comfy-Org/Wan_2.1_ComfyUI_repackaged/resolve/main/split_files/text_encoders/umt5_xxl_fp8_e4m3fn_scaled.safetensors?download=true","directory":"text_encoders"}],"widget_ue_connectable":{}},"widgets_values":["umt5_xxl_fp8_e4m3fn_scaled.safetensors","wan","default"],"color":"#432","bgcolor":"#653"},{"id":365,"type":"VAELoader","pos":[-440,780],"size":[380,60],"flags":{"pinned":true},"order":13,"mode":0,"inputs":[{"localized_name":"vae_name","name":"vae_name","type":"COMBO","widget":{"name":"vae_name"},"link":null}],"outputs":[{"localized_name":"VAE","name":"VAE","type":"VAE","slot_index":0,"links":[866,888]}],"properties":{"cnr_id":"comfy-core","ver":"0.3.26","Node name for S&R":"VAELoader"},"widgets_values":["wan_2.1_vae.safetensors"],"color":"#432","bgcolor":"#653"},{"id":613,"type":"Model Input Switch","pos":[-180,260],"size":[158.14999389648438,66],"flags":{"collapsed":true,"pinned":true},"order":26,"mode":0,"inputs":[{"localized_name":"model_a","name":"model_a","type":"MODEL","link":1027},{"localized_name":"model_b","name":"model_b","type":"MODEL","link":1028},{"localized_name":"boolean","name":"boolean","type":"BOOLEAN","link":945}],"outputs":[{"localized_name":"MODEL","name":"MODEL","type":"MODEL","links":[1009,1038]}],"title":"Model High","properties":{"cnr_id":"was-node-suite-comfyui","ver":"1.0.2","Node name for S&R":"Model Input Switch"},"widgets_values":[],"color":"#432","bgcolor":"#653"},{"id":615,"type":"Model Input Switch","pos":[-180,320],"size":[158.14999389648438,66],"flags":{"collapsed":true,"pinned":true},"order":27,"mode":0,"inputs":[{"localized_name":"model_a","name":"model_a","type":"MODEL","link":1026},{"localized_name":"model_b","name":"model_b","type":"MODEL","link":1014},{"localized_name":"boolean","name":"boolean","type":"BOOLEAN","link":944}],"outputs":[{"localized_name":"MODEL","name":"MODEL","type":"MODEL","links":[1013]}],"title":"Model Low","properties":{"cnr_id":"was-node-suite-comfyui","ver":"1.0.2","Node name for S&R":"Model Input Switch"},"widgets_values":[],"color":"#432","bgcolor":"#653"},{"id":618,"type":"PathchSageAttentionKJ","pos":[-170,-400],"size":[260,60],"flags":{"pinned":true},"order":36,"mode":4,"inputs":[{"localized_name":"model","name":"model","type":"MODEL","link":1032},{"localized_name":"sage_attention","name":"sage_attention","type":"COMBO","widget":{"name":"sage_attention"},"link":null}],"outputs":[{"localized_name":"MODEL","name":"MODEL","type":"MODEL","links":[950]}],"properties":{"cnr_id":"comfyui-kjnodes","ver":"5dcda71011870278c35d92ff77a677ed2e538f2d","Node name for S&R":"PathchSageAttentionKJ","widget_ue_connectable":{}},"widgets_values":["sageattn_qk_int8_pv_fp16_triton"],"color":"#223","bgcolor":"#335"},{"id":620,"type":"PathchSageAttentionKJ","pos":[-170,-280],"size":[260,60],"flags":{"pinned":true},"order":45,"mode":4,"inputs":[{"localized_name":"model","name":"model","type":"MODEL","link":1031},{"localized_name":"sage_attention","name":"sage_attention","type":"COMBO","widget":{"name":"sage_attention"},"link":null}],"outputs":[{"localized_name":"MODEL","name":"MODEL","type":"MODEL","links":[952]}],"properties":{"cnr_id":"comfyui-kjnodes","ver":"5dcda71011870278c35d92ff77a677ed2e538f2d","Node name for S&R":"PathchSageAttentionKJ","widget_ue_connectable":{}},"widgets_values":["sageattn_qk_int8_pv_fp16_triton"],"color":"#223","bgcolor":"#335"},{"id":551,"type":"PathchSageAttentionKJ","pos":[-170,-160],"size":[260,60],"flags":{"pinned":true},"order":46,"mode":4,"inputs":[{"localized_name":"model","name":"model","type":"MODEL","link":1030},{"localized_name":"sage_attention","name":"sage_attention","type":"COMBO","widget":{"name":"sage_attention"},"link":null}],"outputs":[{"localized_name":"MODEL","name":"MODEL","type":"MODEL","links":[854]}],"properties":{"cnr_id":"comfyui-kjnodes","ver":"5dcda71011870278c35d92ff77a677ed2e538f2d","Node name for S&R":"PathchSageAttentionKJ","widget_ue_connectable":{}},"widgets_values":["sageattn_qk_int8_pv_fp16_triton"],"color":"#223","bgcolor":"#335"},{"id":556,"type":"ModelSamplingSD3","pos":[60,920],"size":[250,60],"flags":{"pinned":true},"order":44,"mode":0,"inputs":[{"localized_name":"model","name":"model","type":"MODEL","link":982},{"localized_name":"shift","name":"shift","type":"FLOAT","widget":{"name":"shift"},"link":null}],"outputs":[{"localized_name":"MODEL","name":"MODEL","type":"MODEL","slot_index":0,"links":[999,1015]}],"title":"Shift (default 8.0)","properties":{"cnr_id":"comfy-core","ver":"0.3.36","Node name for S&R":"ModelSamplingSD3","widget_ue_connectable":{}},"widgets_values":[8],"color":"#323","bgcolor":"#535"},{"id":289,"type":"easy loraStack","pos":[-440,1160],"size":[240,154],"flags":{"pinned":true},"order":14,"mode":0,"inputs":[{"localized_name":"optional_lora_stack","name":"optional_lora_stack","shape":7,"type":"LORA_STACK","link":null},{"localized_name":"toggle","name":"toggle","type":"BOOLEAN","widget":{"name":"toggle"},"link":null},{"localized_name":"mode","name":"mode","type":"COMBO","widget":{"name":"mode"},"link":null},{"localized_name":"num_loras","name":"num_loras","type":"INT","widget":{"name":"num_loras"},"link":null},{"localized_name":"lora_1_name","name":"lora_1_name","shape":7,"type":"COMBO","widget":{"name":"lora_1_name"},"link":null},{"localized_name":"lora_1_strength","name":"lora_1_strength","shape":7,"type":"FLOAT","widget":{"name":"lora_1_strength"},"link":null},{"localized_name":"lora_1_model_strength","name":"lora_1_model_strength","shape":7,"type":"FLOAT","widget":{"name":"lora_1_model_strength"},"link":null},{"localized_name":"lora_1_clip_strength","name":"lora_1_clip_strength","shape":7,"type":"FLOAT","widget":{"name":"lora_1_clip_strength"},"link":null},{"localized_name":"lora_2_name","name":"lora_2_name","shape":7,"type":"COMBO","widget":{"name":"lora_2_name"},"link":null},{"localized_name":"lora_2_strength","name":"lora_2_strength","shape":7,"type":"FLOAT","widget":{"name":"lora_2_strength"},"link":null},{"localized_name":"lora_2_model_strength","name":"lora_2_model_strength","shape":7,"type":"FLOAT","widget":{"name":"lora_2_model_strength"},"link":null},{"localized_name":"lora_2_clip_strength","name":"lora_2_clip_strength","shape":7,"type":"FLOAT","widget":{"name":"lora_2_clip_strength"},"link":null},{"localized_name":"lora_3_name","name":"lora_3_name","shape":7,"type":"COMBO","widget":{"name":"lora_3_name"},"link":null},{"localized_name":"lora_3_strength","name":"lora_3_strength","shape":7,"type":"FLOAT","widget":{"name":"lora_3_strength"},"link":null},{"localized_name":"lora_3_model_strength","name":"lora_3_model_strength","shape":7,"type":"FLOAT","widget":{"name":"lora_3_model_strength"},"link":null},{"localized_name":"lora_3_clip_strength","name":"lora_3_clip_strength","shape":7,"type":"FLOAT","widget":{"name":"lora_3_clip_strength"},"link":null},{"localized_name":"lora_4_name","name":"lora_4_name","shape":7,"type":"COMBO","widget":{"name":"lora_4_name"},"link":null},{"localized_name":"lora_4_strength","name":"lora_4_strength","shape":7,"type":"FLOAT","widget":{"name":"lora_4_strength"},"link":null},{"localized_name":"lora_4_model_strength","name":"lora_4_model_strength","shape":7,"type":"FLOAT","widget":{"name":"lora_4_model_strength"},"link":null},{"localized_name":"lora_4_clip_strength","name":"lora_4_clip_strength","shape":7,"type":"FLOAT","widget":{"name":"lora_4_clip_strength"},"link":null},{"localized_name":"lora_5_name","name":"lora_5_name","shape":7,"type":"COMBO","widget":{"name":"lora_5_name"},"link":null},{"localized_name":"lora_5_strength","name":"lora_5_strength","shape":7,"type":"FLOAT","widget":{"name":"lora_5_strength"},"link":null},{"localized_name":"lora_5_model_strength","name":"lora_5_model_strength","shape":7,"type":"FLOAT","widget":{"name":"lora_5_model_strength"},"link":null},{"localized_name":"lora_5_clip_strength","name":"lora_5_clip_strength","shape":7,"type":"FLOAT","widget":{"name":"lora_5_clip_strength"},"link":null},{"localized_name":"lora_6_name","name":"lora_6_name","shape":7,"type":"COMBO","widget":{"name":"lora_6_name"},"link":null},{"localized_name":"lora_6_strength","name":"lora_6_strength","shape":7,"type":"FLOAT","widget":{"name":"lora_6_strength"},"link":null},{"localized_name":"lora_6_model_strength","name":"lora_6_model_strength","shape":7,"type":"FLOAT","widget":{"name":"lora_6_model_strength"},"link":null},{"localized_name":"lora_6_clip_strength","name":"lora_6_clip_strength","shape":7,"type":"FLOAT","widget":{"name":"lora_6_clip_strength"},"link":null},{"localized_name":"lora_7_name","name":"lora_7_name","shape":7,"type":"COMBO","widget":{"name":"lora_7_name"},"link":null},{"localized_name":"lora_7_strength","name":"lora_7_strength","shape":7,"type":"FLOAT","widget":{"name":"lora_7_strength"},"link":null},{"localized_name":"lora_7_model_strength","name":"lora_7_model_strength","shape":7,"type":"FLOAT","widget":{"name":"lora_7_model_strength"},"link":null},{"localized_name":"lora_7_clip_strength","name":"lora_7_clip_strength","shape":7,"type":"FLOAT","widget":{"name":"lora_7_clip_strength"},"link":null},{"localized_name":"lora_8_name","name":"lora_8_name","shape":7,"type":"COMBO","widget":{"name":"lora_8_name"},"link":null},{"localized_name":"lora_8_strength","name":"lora_8_strength","shape":7,"type":"FLOAT","widget":{"name":"lora_8_strength"},"link":null},{"localized_name":"lora_8_model_strength","name":"lora_8_model_strength","shape":7,"type":"FLOAT","widget":{"name":"lora_8_model_strength"},"link":null},{"localized_name":"lora_8_clip_strength","name":"lora_8_clip_strength","shape":7,"type":"FLOAT","widget":{"name":"lora_8_clip_strength"},"link":null},{"localized_name":"lora_9_name","name":"lora_9_name","shape":7,"type":"COMBO","widget":{"name":"lora_9_name"},"link":null},{"localized_name":"lora_9_strength","name":"lora_9_strength","shape":7,"type":"FLOAT","widget":{"name":"lora_9_strength"},"link":null},{"localized_name":"lora_9_model_strength","name":"lora_9_model_strength","shape":7,"type":"FLOAT","widget":{"name":"lora_9_model_strength"},"link":null},{"localized_name":"lora_9_clip_strength","name":"lora_9_clip_strength","shape":7,"type":"FLOAT","widget":{"name":"lora_9_clip_strength"},"link":null},{"localized_name":"lora_10_name","name":"lora_10_name","shape":7,"type":"COMBO","widget":{"name":"lora_10_name"},"link":null},{"localized_name":"lora_10_strength","name":"lora_10_strength","shape":7,"type":"FLOAT","widget":{"name":"lora_10_strength"},"link":null},{"localized_name":"lora_10_model_strength","name":"lora_10_model_strength","shape":7,"type":"FLOAT","widget":{"name":"lora_10_model_strength"},"link":null},{"localized_name":"lora_10_clip_strength","name":"lora_10_clip_strength","shape":7,"type":"FLOAT","widget":{"name":"lora_10_clip_strength"},"link":null}],"outputs":[{"localized_name":"lora_stack","name":"lora_stack","type":"LORA_STACK","slot_index":0,"links":[412,956]}],"title":"High Noise LoRAs","properties":{"cnr_id":"comfyui-easy-use","ver":"63a1ca5ec6e9e3b02a338b34e56b3ed6938db061","Node name for S&R":"easy loraStack","aux_id":"yolain/ComfyUI-Easy-Use"},"widgets_values":[true,"simple",1,"None",1,1,1,"None",1,1,1,"None",1.0000000000000002,1,1,"None",1.0000000000000002,1,1,"None",1,1,1,"None",1,1,1,"None",1,1,1,"None",1,1,1,"None",1,1,1,"None",1,1,1],"color":"#223","bgcolor":"#335"},{"id":640,"type":"easy loraStack","pos":[-190,1160],"size":[240,154],"flags":{"pinned":true},"order":15,"mode":0,"inputs":[{"localized_name":"optional_lora_stack","name":"optional_lora_stack","shape":7,"type":"LORA_STACK","link":null},{"localized_name":"toggle","name":"toggle","type":"BOOLEAN","widget":{"name":"toggle"},"link":null},{"localized_name":"mode","name":"mode","type":"COMBO","widget":{"name":"mode"},"link":null},{"localized_name":"num_loras","name":"num_loras","type":"INT","widget":{"name":"num_loras"},"link":null},{"localized_name":"lora_1_name","name":"lora_1_name","shape":7,"type":"COMBO","widget":{"name":"lora_1_name"},"link":null},{"localized_name":"lora_1_strength","name":"lora_1_strength","shape":7,"type":"FLOAT","widget":{"name":"lora_1_strength"},"link":null},{"localized_name":"lora_1_model_strength","name":"lora_1_model_strength","shape":7,"type":"FLOAT","widget":{"name":"lora_1_model_strength"},"link":null},{"localized_name":"lora_1_clip_strength","name":"lora_1_clip_strength","shape":7,"type":"FLOAT","widget":{"name":"lora_1_clip_strength"},"link":null},{"localized_name":"lora_2_name","name":"lora_2_name","shape":7,"type":"COMBO","widget":{"name":"lora_2_name"},"link":null},{"localized_name":"lora_2_strength","name":"lora_2_strength","shape":7,"type":"FLOAT","widget":{"name":"lora_2_strength"},"link":null},{"localized_name":"lora_2_model_strength","name":"lora_2_model_strength","shape":7,"type":"FLOAT","widget":{"name":"lora_2_model_strength"},"link":null},{"localized_name":"lora_2_clip_strength","name":"lora_2_clip_strength","shape":7,"type":"FLOAT","widget":{"name":"lora_2_clip_strength"},"link":null},{"localized_name":"lora_3_name","name":"lora_3_name","shape":7,"type":"COMBO","widget":{"name":"lora_3_name"},"link":null},{"localized_name":"lora_3_strength","name":"lora_3_strength","shape":7,"type":"FLOAT","widget":{"name":"lora_3_strength"},"link":null},{"localized_name":"lora_3_model_strength","name":"lora_3_model_strength","shape":7,"type":"FLOAT","widget":{"name":"lora_3_model_strength"},"link":null},{"localized_name":"lora_3_clip_strength","name":"lora_3_clip_strength","shape":7,"type":"FLOAT","widget":{"name":"lora_3_clip_strength"},"link":null},{"localized_name":"lora_4_name","name":"lora_4_name","shape":7,"type":"COMBO","widget":{"name":"lora_4_name"},"link":null},{"localized_name":"lora_4_strength","name":"lora_4_strength","shape":7,"type":"FLOAT","widget":{"name":"lora_4_strength"},"link":null},{"localized_name":"lora_4_model_strength","name":"lora_4_model_strength","shape":7,"type":"FLOAT","widget":{"name":"lora_4_model_strength"},"link":null},{"localized_name":"lora_4_clip_strength","name":"lora_4_clip_strength","shape":7,"type":"FLOAT","widget":{"name":"lora_4_clip_strength"},"link":null},{"localized_name":"lora_5_name","name":"lora_5_name","shape":7,"type":"COMBO","widget":{"name":"lora_5_name"},"link":null},{"localized_name":"lora_5_strength","name":"lora_5_strength","shape":7,"type":"FLOAT","widget":{"name":"lora_5_strength"},"link":null},{"localized_name":"lora_5_model_strength","name":"lora_5_model_strength","shape":7,"type":"FLOAT","widget":{"name":"lora_5_model_strength"},"link":null},{"localized_name":"lora_5_clip_strength","name":"lora_5_clip_strength","shape":7,"type":"FLOAT","widget":{"name":"lora_5_clip_strength"},"link":null},{"localized_name":"lora_6_name","name":"lora_6_name","shape":7,"type":"COMBO","widget":{"name":"lora_6_name"},"link":null},{"localized_name":"lora_6_strength","name":"lora_6_strength","shape":7,"type":"FLOAT","widget":{"name":"lora_6_strength"},"link":null},{"localized_name":"lora_6_model_strength","name":"lora_6_model_strength","shape":7,"type":"FLOAT","widget":{"name":"lora_6_model_strength"},"link":null},{"localized_name":"lora_6_clip_strength","name":"lora_6_clip_strength","shape":7,"type":"FLOAT","widget":{"name":"lora_6_clip_strength"},"link":null},{"localized_name":"lora_7_name","name":"lora_7_name","shape":7,"type":"COMBO","widget":{"name":"lora_7_name"},"link":null},{"localized_name":"lora_7_strength","name":"lora_7_strength","shape":7,"type":"FLOAT","widget":{"name":"lora_7_strength"},"link":null},{"localized_name":"lora_7_model_strength","name":"lora_7_model_strength","shape":7,"type":"FLOAT","widget":{"name":"lora_7_model_strength"},"link":null},{"localized_name":"lora_7_clip_strength","name":"lora_7_clip_strength","shape":7,"type":"FLOAT","widget":{"name":"lora_7_clip_strength"},"link":null},{"localized_name":"lora_8_name","name":"lora_8_name","shape":7,"type":"COMBO","widget":{"name":"lora_8_name"},"link":null},{"localized_name":"lora_8_strength","name":"lora_8_strength","shape":7,"type":"FLOAT","widget":{"name":"lora_8_strength"},"link":null},{"localized_name":"lora_8_model_strength","name":"lora_8_model_strength","shape":7,"type":"FLOAT","widget":{"name":"lora_8_model_strength"},"link":null},{"localized_name":"lora_8_clip_strength","name":"lora_8_clip_strength","shape":7,"type":"FLOAT","widget":{"name":"lora_8_clip_strength"},"link":null},{"localized_name":"lora_9_name","name":"lora_9_name","shape":7,"type":"COMBO","widget":{"name":"lora_9_name"},"link":null},{"localized_name":"lora_9_strength","name":"lora_9_strength","shape":7,"type":"FLOAT","widget":{"name":"lora_9_strength"},"link":null},{"localized_name":"lora_9_model_strength","name":"lora_9_model_strength","shape":7,"type":"FLOAT","widget":{"name":"lora_9_model_strength"},"link":null},{"localized_name":"lora_9_clip_strength","name":"lora_9_clip_strength","shape":7,"type":"FLOAT","widget":{"name":"lora_9_clip_strength"},"link":null},{"localized_name":"lora_10_name","name":"lora_10_name","shape":7,"type":"COMBO","widget":{"name":"lora_10_name"},"link":null},{"localized_name":"lora_10_strength","name":"lora_10_strength","shape":7,"type":"FLOAT","widget":{"name":"lora_10_strength"},"link":null},{"localized_name":"lora_10_model_strength","name":"lora_10_model_strength","shape":7,"type":"FLOAT","widget":{"name":"lora_10_model_strength"},"link":null},{"localized_name":"lora_10_clip_strength","name":"lora_10_clip_strength","shape":7,"type":"FLOAT","widget":{"name":"lora_10_clip_strength"},"link":null}],"outputs":[{"localized_name":"lora_stack","name":"lora_stack","type":"LORA_STACK","slot_index":0,"links":[1029]}],"title":"Low Noise LoRAs","properties":{"cnr_id":"comfyui-easy-use","ver":"63a1ca5ec6e9e3b02a338b34e56b3ed6938db061","Node name for S&R":"easy loraStack","aux_id":"yolain/ComfyUI-Easy-Use"},"widgets_values":[true,"simple",1,"None",1,1,1,"None",1,1,1,"None",1,1,1,"None",1.0000000000000002,1,1,"None",1,1,1,"None",1,1,1,"None",1,1,1,"None",1,1,1,"None",1,1,1,"None",1,1,1],"color":"#223","bgcolor":"#335"},{"id":628,"type":"LoraLoaderModelOnly","pos":[-440,1020],"size":[490,82],"flags":{"pinned":true},"order":39,"mode":0,"inputs":[{"localized_name":"model","name":"model","type":"MODEL","link":1008},{"localized_name":"lora_name","name":"lora_name","type":"COMBO","widget":{"name":"lora_name"},"link":null},{"localized_name":"strength_model","name":"strength_model","type":"FLOAT","widget":{"name":"strength_model"},"link":null}],"outputs":[{"localized_name":"MODEL","name":"MODEL","type":"MODEL","links":[1037]}],"title":"Lightning LoRA Low Noise","properties":{"cnr_id":"comfy-core","ver":"0.3.51","Node name for S&R":"LoraLoaderModelOnly"},"widgets_values":["Wan2.2-I2V-A14B-4steps-lora-rank64-Seko-V1_low_noise_model.safetensors",1],"color":"#223","bgcolor":"#335"},{"id":624,"type":"LoraLoaderModelOnly","pos":[-440,890],"size":[490,82],"flags":{"pinned":true},"order":38,"mode":0,"inputs":[{"localized_name":"model","name":"model","type":"MODEL","link":1006},{"localized_name":"lora_name","name":"lora_name","type":"COMBO","widget":{"name":"lora_name"},"link":null},{"localized_name":"strength_model","name":"strength_model","type":"FLOAT","widget":{"name":"strength_model"},"link":null}],"outputs":[{"localized_name":"MODEL","name":"MODEL","type":"MODEL","links":[1036]}],"title":"Lightning LoRA High Noise","properties":{"cnr_id":"comfy-core","ver":"0.3.51","Node name for S&R":"LoraLoaderModelOnly"},"widgets_values":["Wan2.2-I2V-A14B-4steps-lora-rank64-Seko-V1_high_noise_model.safetensors",1],"color":"#223","bgcolor":"#335"},{"id":574,"type":"easy float","pos":[1720,320],"size":[270,60],"flags":{"pinned":true},"order":16,"mode":0,"inputs":[{"localized_name":"value","name":"value","type":"FLOAT","widget":{"name":"value"},"link":null}],"outputs":[{"localized_name":"float","name":"float","type":"FLOAT","links":[926,928]}],"title":"Upscale Factor (default 2: 2x)","properties":{"cnr_id":"comfyui-easy-use","ver":"1.3.1","Node name for S&R":"easy float"},"widgets_values":[2.0000000000000004],"color":"#2a363b","bgcolor":"#3f5159"},{"id":523,"type":"UpscaleModelLoader","pos":[1720,30],"size":[340,60],"flags":{"pinned":true},"order":17,"mode":2,"inputs":[{"localized_name":"model_name","name":"model_name","type":"COMBO","widget":{"name":"model_name"},"link":null}],"outputs":[{"localized_name":"UPSCALE_MODEL","name":"UPSCALE_MODEL","type":"UPSCALE_MODEL","slot_index":0,"links":[807]}],"properties":{"cnr_id":"comfy-core","ver":"0.3.43","Node name for S&R":"UpscaleModelLoader"},"widgets_values":["4x_UniversalUpscalerV2-Neutral_115000_swaG.pth"],"color":"#2a363b","bgcolor":"#3f5159"},{"id":594,"type":"SimpleMath+","pos":[1970,430],"size":[270,78],"flags":{"collapsed":true,"pinned":true},"order":62,"mode":0,"inputs":[{"localized_name":"a","name":"a","shape":7,"type":"INT,FLOAT","link":926},{"localized_name":"b","name":"b","shape":7,"type":"INT,FLOAT","link":927},{"localized_name":"value","name":"value","type":"STRING","widget":{"name":"value"},"link":null},{"name":"c","shape":7,"type":"*","link":null}],"outputs":[{"localized_name":"INT","name":"INT","type":"INT","links":[930]},{"localized_name":"FLOAT","name":"FLOAT","type":"FLOAT","links":null}],"title":"Height","properties":{"cnr_id":"comfyui_essentials","ver":"1.1.0","Node name for S&R":"SimpleMath+"},"widgets_values":["a*b"],"color":"#2a363b","bgcolor":"#3f5159"},{"id":593,"type":"SimpleMath+","pos":[1860,430],"size":[270,78],"flags":{"collapsed":true,"pinned":true},"order":61,"mode":0,"inputs":[{"localized_name":"a","name":"a","shape":7,"type":"INT,FLOAT","link":928},{"localized_name":"b","name":"b","shape":7,"type":"INT,FLOAT","link":929},{"localized_name":"value","name":"value","type":"STRING","widget":{"name":"value"},"link":null},{"name":"c","shape":7,"type":"*","link":null}],"outputs":[{"localized_name":"INT","name":"INT","type":"INT","links":[925]},{"localized_name":"FLOAT","name":"FLOAT","type":"FLOAT","links":null}],"title":"Width","properties":{"cnr_id":"comfyui_essentials","ver":"1.1.0","Node name for S&R":"SimpleMath+"},"widgets_values":["a*b"],"color":"#2a363b","bgcolor":"#3f5159"},{"id":579,"type":"easy imageSize","pos":[1760,430],"size":[210,108],"flags":{"collapsed":true,"pinned":true},"order":60,"mode":0,"inputs":[{"localized_name":"image","name":"image","type":"IMAGE","link":900}],"outputs":[{"localized_name":"width_int","name":"width_int","type":"INT","links":[929]},{"localized_name":"height_int","name":"height_int","type":"INT","links":[927]}],"title":"Size","properties":{"cnr_id":"comfyui-easy-use","ver":"1.3.1","Node name for S&R":"easy imageSize"},"widgets_values":["Width: 800 , Height: 1200"],"color":"#2a363b","bgcolor":"#3f5159"},{"id":581,"type":"ImageScale","pos":[1740,480],"size":[230,130],"flags":{"collapsed":true,"pinned":true},"order":63,"mode":0,"inputs":[{"localized_name":"image","name":"image","type":"IMAGE","link":903},{"localized_name":"upscale_method","name":"upscale_method","type":"COMBO","widget":{"name":"upscale_method"},"link":null},{"localized_name":"width","name":"width","type":"INT","widget":{"name":"width"},"link":925},{"localized_name":"height","name":"height","type":"INT","widget":{"name":"height"},"link":930},{"localized_name":"crop","name":"crop","type":"COMBO","widget":{"name":"crop"},"link":null}],"outputs":[{"localized_name":"IMAGE","name":"IMAGE","type":"IMAGE","links":[941]}],"title":"Resize Video Frames","properties":{"cnr_id":"comfy-core","ver":"0.3.44","Node name for S&R":"ImageScale"},"widgets_values":["lanczos",512,512,"disabled"],"color":"#2a363b","bgcolor":"#3f5159"},{"id":524,"type":"ImageUpscaleWithModel","pos":[1720,150],"size":[270,50],"flags":{"collapsed":false,"pinned":true},"order":59,"mode":2,"inputs":[{"localized_name":"upscale_model","name":"upscale_model","type":"UPSCALE_MODEL","link":807},{"localized_name":"image","name":"image","type":"IMAGE","link":887}],"outputs":[{"localized_name":"IMAGE","name":"IMAGE","type":"IMAGE","slot_index":0,"links":[903]}],"title":"Upscale","properties":{"cnr_id":"comfy-core","ver":"0.3.43","Node name for S&R":"ImageUpscaleWithModel"},"widgets_values":[],"color":"#2a363b","bgcolor":"#3f5159"},{"id":595,"type":"VHS_VideoCombine","pos":[1750,900],"size":[280,738],"flags":{"pinned":true},"order":65,"mode":0,"inputs":[{"localized_name":"images","name":"images","type":"IMAGE","link":932},{"localized_name":"audio","name":"audio","shape":7,"type":"AUDIO","link":null},{"localized_name":"meta_batch","name":"meta_batch","shape":7,"type":"VHS_BatchManager","link":null},{"localized_name":"vae","name":"vae","shape":7,"type":"VAE","link":null},{"localized_name":"frame_rate","name":"frame_rate","type":"FLOAT","widget":{"name":"frame_rate"},"link":931},{"localized_name":"loop_count","name":"loop_count","type":"INT","widget":{"name":"loop_count"},"link":null},{"localized_name":"filename_prefix","name":"filename_prefix","type":"STRING","widget":{"name":"filename_prefix"},"link":null},{"localized_name":"format","name":"format","type":"COMBO","widget":{"name":"format"},"link":null},{"localized_name":"pingpong","name":"pingpong","type":"BOOLEAN","widget":{"name":"pingpong"},"link":null},{"localized_name":"save_output","name":"save_output","type":"BOOLEAN","widget":{"name":"save_output"},"link":null},{"name":"pix_fmt","type":["yuv420p","yuv420p10le"],"widget":{"name":"pix_fmt"},"link":null},{"name":"crf","type":"INT","widget":{"name":"crf"},"link":null},{"name":"save_metadata","type":"BOOLEAN","widget":{"name":"save_metadata"},"link":null},{"name":"trim_to_audio","type":"BOOLEAN","widget":{"name":"trim_to_audio"},"link":null}],"outputs":[{"localized_name":"Filenames","name":"Filenames","type":"VHS_FILENAMES","links":null}],"title":"Combine Images to Video","properties":{"cnr_id":"comfyui-videohelpersuite","ver":"1.6.1","Node name for S&R":"VHS_VideoCombine"},"widgets_values":{"frame_rate":16,"loop_count":0,"filename_prefix":"VideoFlow-Wan22-upscaled","format":"video/h264-mp4","pix_fmt":"yuv420p","crf":19,"save_metadata":true,"trim_to_audio":false,"pingpong":false,"save_output":true,"videopreview":{"hidden":false,"paused":true,"params":{"filename":"VideoFlow-Wan22-upscaled_00008.mp4","subfolder":"","type":"output","format":"video/h264-mp4","frame_rate":32,"workflow":"VideoFlow-Wan22-upscaled_00008.png","fullpath":"E:\\ComfyUI\\wan\\ComfyUI\\output\\VideoFlow-Wan22-upscaled_00008.mp4"}}},"color":"#2a363b","bgcolor":"#3f5159"},{"id":557,"type":"VHS_VideoCombine","pos":[890,30],"size":[770,1473],"flags":{"pinned":true},"order":58,"mode":0,"inputs":[{"localized_name":"images","name":"images","type":"IMAGE","link":873},{"localized_name":"audio","name":"audio","shape":7,"type":"AUDIO","link":null},{"localized_name":"meta_batch","name":"meta_batch","shape":7,"type":"VHS_BatchManager","link":null},{"localized_name":"vae","name":"vae","shape":7,"type":"VAE","link":null},{"localized_name":"frame_rate","name":"frame_rate","type":"FLOAT","widget":{"name":"frame_rate"},"link":920},{"localized_name":"loop_count","name":"loop_count","type":"INT","widget":{"name":"loop_count"},"link":null},{"localized_name":"filename_prefix","name":"filename_prefix","type":"STRING","widget":{"name":"filename_prefix"},"link":null},{"localized_name":"format","name":"format","type":"COMBO","widget":{"name":"format"},"link":null},{"localized_name":"pingpong","name":"pingpong","type":"BOOLEAN","widget":{"name":"pingpong"},"link":null},{"localized_name":"save_output","name":"save_output","type":"BOOLEAN","widget":{"name":"save_output"},"link":null},{"name":"pix_fmt","type":["yuv420p","yuv420p10le"],"widget":{"name":"pix_fmt"},"link":null},{"name":"crf","type":"INT","widget":{"name":"crf"},"link":null},{"name":"save_metadata","type":"BOOLEAN","widget":{"name":"save_metadata"},"link":null},{"name":"trim_to_audio","type":"BOOLEAN","widget":{"name":"trim_to_audio"},"link":null}],"outputs":[{"localized_name":"Filenames","name":"Filenames","type":"VHS_FILENAMES","links":null}],"title":"Combine Images to Video","properties":{"cnr_id":"comfyui-videohelpersuite","ver":"1.6.1","Node name for S&R":"VHS_VideoCombine"},"widgets_values":{"frame_rate":16,"loop_count":0,"filename_prefix":"VideoFlow-Wan22","format":"video/h264-mp4","pix_fmt":"yuv420p","crf":19,"save_metadata":true,"trim_to_audio":false,"pingpong":false,"save_output":true,"videopreview":{"hidden":false,"paused":true,"params":{"filename":"VideoFlow-Wan22__00001.mp4","subfolder":"","type":"output","format":"video/h264-mp4","frame_rate":16,"workflow":"VideoFlow-Wan22__00001.png","fullpath":"E:\\ComfyUI\\wan\\ComfyUI\\output\\VideoFlow-Wan22__00001.mp4"}}},"color":"#223","bgcolor":"#335"},{"id":560,"type":"RIFE VFI","pos":[1740,590],"size":[300,198],"flags":{"pinned":true},"order":64,"mode":0,"inputs":[{"localized_name":"frames","name":"frames","type":"IMAGE","link":941},{"localized_name":"optional_interpolation_states","name":"optional_interpolation_states","shape":7,"type":"INTERPOLATION_STATES","link":null},{"localized_name":"ckpt_name","name":"ckpt_name","type":"COMBO","widget":{"name":"ckpt_name"},"link":null},{"localized_name":"clear_cache_after_n_frames","name":"clear_cache_after_n_frames","type":"INT","widget":{"name":"clear_cache_after_n_frames"},"link":null},{"localized_name":"multiplier","name":"multiplier","type":"INT","widget":{"name":"multiplier"},"link":910},{"localized_name":"fast_mode","name":"fast_mode","type":"BOOLEAN","widget":{"name":"fast_mode"},"link":null},{"localized_name":"ensemble","name":"ensemble","type":"BOOLEAN","widget":{"name":"ensemble"},"link":null},{"localized_name":"scale_factor","name":"scale_factor","type":"COMBO","widget":{"name":"scale_factor"},"link":null}],"outputs":[{"localized_name":"IMAGE","name":"IMAGE","type":"IMAGE","links":[932]}],"title":"RIFE VFI (default: rife47 or rife49)","properties":{"cnr_id":"comfyui-frame-interpolation","ver":"1.0.7","Node name for S&R":"RIFE VFI"},"widgets_values":["rife49.pth",10,2,false,true,1],"color":"#2a363b","bgcolor":"#3f5159"},{"id":639,"type":"UnloadModel","pos":[760,820],"size":[140,46],"flags":{"collapsed":true,"pinned":true},"order":56,"mode":0,"inputs":[{"localized_name":"value","name":"value","type":"*","link":1022},{"localized_name":"model","name":"model","shape":7,"type":"*","link":1021}],"outputs":[{"localized_name":"*","name":"*","type":"*","links":[1023]}],"title":"🧹","properties":{"cnr_id":"comfyui-unload-model","ver":"1.0.2","Node name for S&R":"UnloadModel"},"widgets_values":[],"color":"#223","bgcolor":"#335"},{"id":638,"type":"UnloadModel","pos":[760,870],"size":[140,46],"flags":{"collapsed":true,"pinned":true},"order":54,"mode":0,"inputs":[{"localized_name":"value","name":"value","type":"*","link":1033},{"localized_name":"model","name":"model","shape":7,"type":"*","link":1018}],"outputs":[{"localized_name":"*","name":"*","type":"*","links":[1034]}],"title":"🧹","properties":{"cnr_id":"comfyui-unload-model","ver":"1.0.2","Node name for S&R":"UnloadModel"},"widgets_values":[],"color":"#223","bgcolor":"#335"},{"id":637,"type":"UnloadModel","pos":[680,870],"size":[140,46],"flags":{"collapsed":true,"pinned":true},"order":50,"mode":0,"inputs":[{"localized_name":"value","name":"value","type":"*","link":1016},{"localized_name":"model","name":"model","shape":7,"type":"*","link":1015}],"outputs":[{"localized_name":"*","name":"*","type":"*","links":[1017]}],"title":"🧹","properties":{"cnr_id":"comfyui-unload-model","ver":"1.0.2","Node name for S&R":"UnloadModel"},"widgets_values":[],"color":"#223","bgcolor":"#335"},{"id":237,"type":"Fast Groups Bypasser (rgthree)","pos":[860,-330],"size":[300,250],"flags":{"pinned":true},"order":18,"mode":0,"inputs":[],"outputs":[{"name":"OPT_CONNECTION","type":"*","links":[]}],"title":"💤Fast Groups Bypasser","properties":{"matchColors":"","matchTitle":"","showNav":true,"showAllGraphs":true,"sort":"position","customSortAlphabet":"","toggleRestriction":"default"}},{"id":418,"type":"Fast Groups Muter (rgthree)","pos":[1170,-330],"size":[300,250],"flags":{"pinned":true},"order":19,"mode":0,"inputs":[],"outputs":[{"name":"OPT_CONNECTION","type":"*","links":null}],"title":"🛑Fast Groups Muter","properties":{"matchColors":"","matchTitle":"","showNav":true,"showAllGraphs":true,"sort":"position","customSortAlphabet":"","toggleRestriction":"default"}},{"id":621,"type":"easy loraStackApply","pos":[720,730],"size":[252,66],"flags":{"collapsed":true,"pinned":true},"order":43,"mode":0,"inputs":[{"localized_name":"lora_stack","name":"lora_stack","type":"LORA_STACK","link":1029},{"localized_name":"model","name":"model","type":"MODEL","link":1037},{"localized_name":"optional_clip","name":"optional_clip","shape":7,"type":"CLIP","link":null}],"outputs":[{"localized_name":"model","name":"model","type":"MODEL","slot_index":0,"links":[1030]},{"localized_name":"clip","name":"clip","type":"CLIP","slot_index":1,"links":[]}],"title":"Loras","properties":{"cnr_id":"comfyui-easy-use","ver":"63a1ca5ec6e9e3b02a338b34e56b3ed6938db061","Node name for S&R":"easy loraStackApply","aux_id":"yolain/ComfyUI-Easy-Use"},"widgets_values":[],"color":"#223","bgcolor":"#335"},{"id":616,"type":"WanVideoNAG","pos":[680,530],"size":[380,150],"flags":{"collapsed":true,"pinned":true},"order":35,"mode":0,"inputs":[{"localized_name":"model","name":"model","type":"MODEL","link":1013},{"localized_name":"conditioning","name":"conditioning","type":"CONDITIONING","link":1002},{"localized_name":"nag_scale","name":"nag_scale","type":"FLOAT","widget":{"name":"nag_scale"},"link":null},{"localized_name":"nag_alpha","name":"nag_alpha","type":"FLOAT","widget":{"name":"nag_alpha"},"link":null},{"localized_name":"nag_tau","name":"nag_tau","type":"FLOAT","widget":{"name":"nag_tau"},"link":null},{"localized_name":"input_type","name":"input_type","shape":7,"type":"COMBO","widget":{"name":"input_type"},"link":null}],"outputs":[{"localized_name":"model","name":"model","type":"MODEL","links":[1008]}],"properties":{"cnr_id":"comfyui-kjnodes","ver":"f7eb33abc80a2aded1b46dff0dd14d07856a7d50","Node name for S&R":"WanVideoNAG","widget_ue_connectable":{}},"widgets_values":[11,0.25,2.5,"default"],"color":"#322","bgcolor":"#533"},{"id":564,"type":"MarkdownNote","pos":[-460,-470],"size":[250,390],"flags":{"collapsed":false,"pinned":true},"order":20,"mode":0,"inputs":[],"outputs":[],"title":"💡Info","properties":{},"widgets_values":["Bypassing SageAttention/Triton slightly improves quality but substantially increases generation time.\n\nSageAttention and Trition significantly speed up generation, but are not installed in the standard ComfyUI. If you don't know how to install them, it's best to ask an AI. I asked [perplexity.ai](https://perplexity.ai) and was successfully guided through the installation step by step. Since the installation varies depending on the system, universal instructions cannot be provided here. Be sure to create a backup of ComfyUI beforehand, as problems during installation can also cause ComfyUI to stop working.\n\n⚠️‼️If the output video is completely black, this indicates an error with the `sage_attention` model. You should then select the model variant that matches your system configuration. Bypass the group if SageAttention and Triton are not installed‼️⚠️\n\n"],"color":"#222","bgcolor":"#000"},{"id":351,"type":"MarkdownNote","pos":[-1110,-40],"size":[640,1520],"flags":{"collapsed":false,"pinned":true},"order":21,"mode":0,"inputs":[],"outputs":[],"title":"ℹ️Workflow INFO","properties":{},"widgets_values":["# VideoFlow Wan 2.2 I2V v1.0\n\nThis image-to-video workflow was developed to create realistic videos at 32 fps, with a focus on fast generation in high resolution.  \n  \n💡The quality of the input image primarily influences the quality of the output video. Therefore, low-quality input images usually produce low-quality videos. Try [PhotoFlow](https://civitai.com/models/1376005?modelVersionId=2139865) to create high resolution images.  \n\n\n## Required Models Downloads\n\n### Wan 2.2 Models\nFor video generation, a high noise and a low noise I2V model are required. \n\nSave path 📂`ComfyUI/models/diffusion_models`:  \n\nIf you have 16GB or 24GB of VRAM, the fp8 safetenors model is recommended:  \n[Download High Noise](https://civitai.com/models/1817671?modelVersionId=2057465) `wanVideo22_i2vHighNoise14BFp8Sd.safetensors`  \n[Download Low Noise](https://civitai.com/models/1817671?modelVersionId=2057270) `wanVideo22_i2vLowNoise14BFp8Scd.safetensors`  \n\nA slower alternative with little bit better quality is the Q8_0 GGUF model:    \n[Download High Noise](https://huggingface.co/bullerwins/Wan2.2-I2V-A14B-GGUF/resolve/main/wan2.2_i2v_high_noise_14B_Q8_0.gguf?download=true) `wan2.2_i2v_high_noise_14B_Q8_0.gguf`   \n[Download Low Noise](https://huggingface.co/bullerwins/Wan2.2-I2V-A14B-GGUF/resolve/main/wan2.2_i2v_low_noise_14B_Q8_0.gguf?download=true) `wan2.2_i2v_low_noise_14B_Q8_0.gguf`   \n\nIf you have a GPU with 32GB of VRAM or more, you can use the full-size safetensors model for maximum quality:  \n[Download High Noise](https://civitai.com/models/1817671?modelVersionId=2058318) `wanVideo22_i2vHighNoise14BFp16.safetensors`  \n[Download Low Noise](https://civitai.com/models/1817671?modelVersionId=2058116) `wanVideo22_i2vLowNoise14BFp16.safetensors`  \n\nIf your GPU has less than 16GB VRAM, choose GGUF models smaller than your VRAM size:    \n[Downloads](https://huggingface.co/bullerwins/Wan2.2-I2V-A14B-GGUF/tree/main)\n\n\n|💡If you do not plan to use GGUF models, you can safely remove all nodes located above the **Load High Noise safetensors Model** node. If you only use GGUF models, you may delete the nodes between **Load Low Noise GGUF Model** and **Load CLIP**.|\n|---|\n\n### Wan Text Encoder\nSave path 📂`ComfyUI/models/text_encoders`:  \n\nfp8 (recommended):  \n[Download](https://huggingface.co/Comfy-Org/Wan_2.1_ComfyUI_repackaged/resolve/main/split_files/text_encoders/umt5_xxl_fp8_e4m3fn_scaled.safetensors?download=true) `umt5_xxl_fp8_e4m3fn_scaled.safetensors`  \n\nor fp16 (best prompt adaption):  \n[Download](https://huggingface.co/Comfy-Org/Wan_2.1_ComfyUI_repackaged/resolve/main/split_files/text_encoders/umt5_xxl_fp16.safetensors) `umt5_xxl_fp16.safetensors`\n\n### Wan VAE\nSave path 📂`ComfyUI\\models\\vae`:  \n[Download](https://huggingface.co/Comfy-Org/Wan_2.1_ComfyUI_repackaged/resolve/main/split_files/vae/wan_2.1_vae.safetensors?download=true) `wan_2.1_vae.safetensors` (yes, 2.1 is correct)  \n\n### Wan 2.2 I2V Lightning LoRAs (⚠️mandatory for default settings in this workflow)\nSave path 📂`ComfyUI\\models\\loras`:  \n[Download High Noise](https://huggingface.co/lightx2v/Wan2.2-Lightning/resolve/main/Wan2.2-I2V-A14B-4steps-lora-rank64-Seko-V1/high_noise_model.safetensors?download=true) `high_noise_model.safetensors` (rename it to `Wan2.2-I2V-A14B-4steps-lora-rank64-Seko-V1_high_noise_model.safetensors`)  \n[Download Low Noise](https://huggingface.co/lightx2v/Wan2.2-Lightning/resolve/main/Wan2.2-I2V-A14B-4steps-lora-rank64-Seko-V1/low_noise_model.safetensors?download=true) `low_noise_model.safetensors` (rename it to `Wan2.2-I2V-A14B-4steps-lora-rank64-Seko-V1_low_noise_model.safetensors`)  \n\n### Upscaler\nSave path 📂`ComfyUI\\models\\upscale_models`:  \n[Download](https://openmodeldb.info/models/4x-UniversalUpscalerV2-Neutral) `4x_UniversalUpscalerV2-Neutral_115000_swaG.pth` \n\n## Installation\n\n### ComfyUI Manager Installation\n[https://github.com/ltdrdata/ComfyUI-Manager?tab=readme-ov-file#comfyui-manager](https://github.com/ltdrdata/ComfyUI-Manager?tab=readme-ov-file#comfyui-manager)\n\n### Installation of Missing Nodes\n\nMissing nodes in this workflow are highlighted in red. To install them, open the ComfyUI Manager and click the 'Install Missing Custom Nodes' button. \n\nAfter the installation, restart ComfyUI and refresh the browser page.\n\n### Recommended Default Values\n\n**Shift:** 8 \n💡 Wan 2.2 together with Lightning does not like other values than 8 very much. So be careful with this setting.\n\n\n#### KSamplers\n**Sampler:** euler  \n**Scheduler:** beta  \n**Steps:** 4 each sampler  \n**CFG:** 2.5, 1.0, 1.0 (2.5 can be adjusted, Lightning LoRA requires 1.0) \n\n#### RIFE VFI  \nTo increase the frame rate, interpolation images must be generated.  \n**ckpt_name:** rife47 or rife49  \n**clear_cache_after_n_frames:** 10 (⚠️‼️lower the value if you run out of memory‼️⚠️)  \n**fast_mode**: *ignored*  \n**ensemble:** true  \n**scale_factor:** 1  \n\n#### Combine Images to Video\n**Format:** video/h264-mp4  \n**pix_fmt:** yuv420p  \n**CRF:** 19 (Lower value increases quality, but also file size. 1 = maximum quality)\n\n## Performance Tips\nIt's only a small improvement, but disabling graphics/hardware acceleration in your browser will free up a bit of VRAM, which can make the difference between slow data swapping and fast VRAM-only usage, especially with 16 GB of VRAM or less. Be sure to restart the browser after changing this setting. Keep in mind that this will negatively affect your browser's performance, particularly when watching high-resolution videos. Therefore, this is a temporary improvement intended only for ComfyUI. If you have a video player like VLC open while using ComfyUI, it is recommended to disable hardware acceleration in the Codecs settings as well.\n\n## TL;DR\nCheck my Civitai profile for updates and other workflows: [https://civitai.com/user/ai839](https://civitai.com/user/ai839)\n\nI would appreciate a positive review 👍 for this workflow on Civitai. If you upload videos to Civitai created using this workflow, I would be grateful if you could add this workflow as a resource. This would greatly support my work!\n\nPlease feel free to leave a comment or contact me via chat if you have any questions, issues, or suggestions.\n\n\n\n"],"color":"#432","bgcolor":"#653"},{"id":604,"type":"MarkdownNote","pos":[1480,-180],"size":[600,100],"flags":{"collapsed":false,"pinned":true},"order":22,"mode":0,"inputs":[],"outputs":[],"title":"💡Final Video Generation Tips","properties":{},"widgets_values":["To stop after the initial video generation, simply mute the ✨Add Details group using the 🛑Fast Groups Muter node.\n\nFor fast upscaling without adding details, bypass ✨Add Details. To add details without upscaling, set the  `Upscale Factor` in the 🎬Resize Frames node to `1`. If you only want to increase the frame rate, bypass both ✨Add Details and 🎬Resize Frames.\nYou can easily control this using the 💤Fast Groups Bypasser node."],"color":"#222","bgcolor":"#000"},{"id":622,"type":"easy loraStackApply","pos":[720,610],"size":[252,66],"flags":{"collapsed":true,"pinned":true},"order":32,"mode":0,"inputs":[{"localized_name":"lora_stack","name":"lora_stack","type":"LORA_STACK","link":956},{"localized_name":"model","name":"model","type":"MODEL","link":1038},{"localized_name":"optional_clip","name":"optional_clip","shape":7,"type":"CLIP","link":970}],"outputs":[{"localized_name":"model","name":"model","type":"MODEL","slot_index":0,"links":[1032]},{"localized_name":"clip","name":"clip","type":"CLIP","slot_index":1,"links":[972]}],"title":"Loras","properties":{"cnr_id":"comfyui-easy-use","ver":"63a1ca5ec6e9e3b02a338b34e56b3ed6938db061","Node name for S&R":"easy loraStackApply","aux_id":"yolain/ComfyUI-Easy-Use"},"widgets_values":[],"color":"#323","bgcolor":"#535"},{"id":626,"type":"PrimitiveStringMultiline","pos":[-40,400],"size":[701.2686157226562,219.9609375],"flags":{"pinned":true},"order":23,"mode":0,"inputs":[{"localized_name":"value","name":"value","type":"STRING","widget":{"name":"value"},"link":null}],"outputs":[{"localized_name":"STRING","name":"STRING","type":"STRING","links":[961]}],"title":"Positive Prompt","properties":{"cnr_id":"comfy-core","ver":"0.3.51","Node name for S&R":"PrimitiveStringMultiline"},"widgets_values":[""],"color":"#232","bgcolor":"#353"},{"id":627,"type":"PrimitiveStringMultiline","pos":[-40,660],"size":[700,180],"flags":{"pinned":true},"order":24,"mode":0,"inputs":[{"localized_name":"value","name":"value","type":"STRING","widget":{"name":"value"},"link":null}],"outputs":[{"localized_name":"STRING","name":"STRING","type":"STRING","links":[963]}],"title":"Negative Prompt","properties":{"cnr_id":"comfy-core","ver":"0.3.51","Node name for S&R":"PrimitiveStringMultiline"},"widgets_values":["slowmo video, slow motion, bullet time effect, low quality video, worst quality, blurry, mutation, deformation, amputation, bad anatomy, high contrast, overexposed, oversaturated, garish colours, colour shift, colour change, camera flash, bright, deformed face, bad teeth, poor eyes, deformed eyes, aliasing, pixelation, anime, toon, manga, drawing, 色调艳丽，过曝，静态，细节模糊不清，字幕，风格，作品，画作，画面，静止，整体发灰，最差质量，低质量，JPEG压缩残留，丑陋的，残缺的，多余的手指，画得不好的手部，画得不好的脸部，畸形的，毁容的，形态畸形的肢体，手指融合，静止不动的画面，杂乱的背景，三条腿，背景人很"],"color":"#322","bgcolor":"#533"},{"id":563,"type":"MarkdownNote","pos":[420,-650],"size":[430,570],"flags":{"collapsed":false,"pinned":true},"order":25,"mode":0,"inputs":[],"outputs":[],"title":"💡Resolutions","properties":{},"widgets_values":["If the input image does not match the aspect ratio, it will be cropped automatically.\n\n💡 Monitor the VRAM usage during generation and, if possible, select a resolution that is below 100% usage so that the generation runs quickly. For Windows 11: Open Task Manager (press Ctrl + Shift + Esc), go to the Performance tab, then select GPU on the left. There you can see VRAM usage and related GPU details.\n\n| Format | Width x Height | Format | Width x Height | Format | Width x Height |\n|--------|----------------|--------|----------------|--------|----------------|\n| 9:16   | 432 x 768      | 3:4    | 576 x 768      | 3:2    | 960 x 640      |\n| 9:16   | 576 x 1024     | 3:4    | 624 x 832      | 3:2    | 1008 x 672     |\n| 9:16   | 720 x 1280     | 3:4    | 672 x 896      | 3:2    | 1056 x 704     |\n|        |                | 3:4    | 720 x 960      | 3:2    | 1104 x 736     |\n| 2:3    | 480 x 720      | 3:4    | 768 x 1024     | 3:2    | 1152 x 768     |\n| 2:3    | 512 x 768      | 3:4    | 816 x 1088     | 3:2    | 1200 x 800     |\n| 2:3    | 544 x 816      | 3:4    | 884 x 1152     |        |                |\n| 2:3    | 576 x 864      | 3:4    | 816 x 1088     | 4:3    | 640 x 480      |\n| 2:3    | 608 x 912      |        |                | 4:3    | 704 x 528      |\n| 2:3    | 640 x 960      | 16:9   | 768 x 432      | 4:3    | 768 x 576      |\n| 2:3    | 672 x 1008     | 16:9   | 1024 x 576     | 4:3    | 832 x 624      |\n| 2:3    | 704 x 1056     | 16:9   | 720 x 1280     | 4:3    | 896  x 672     |\n| 2:3    | 736 x 1104     |        |                | 4:3    | 960  x 720     |\n| 2:3    | 768 x 1152     | 3:2    | 720 x 480      | 4:3    | 1024 x 768     |\n| 2:3    | 800 x 1200     | 3:2    | 768 x 512      | 4:3    | 1088 x 816     |\n|        |                | 3:2    | 816 x 544      | 4:3    | 1152 x 884     |\n| 3:4    | 480 x 640      | 3:2    | 864 x 576      | 4:3    | 1088 x 816     |\n| 3:4    | 528 x 704      | 3:2    | 912 x 608      |        |                |"],"color":"#432","bgcolor":"#653"},{"id":617,"type":"ModelPatchTorchSettings","pos":[120,-400],"size":[260,60],"flags":{"pinned":true},"order":40,"mode":4,"inputs":[{"localized_name":"model","name":"model","type":"MODEL","link":950},{"localized_name":"enable_fp16_accumulation","name":"enable_fp16_accumulation","type":"BOOLEAN","widget":{"name":"enable_fp16_accumulation"},"link":null}],"outputs":[{"localized_name":"MODEL","name":"MODEL","type":"MODEL","links":[982]}],"properties":{"cnr_id":"comfyui-kjnodes","ver":"5dcda71011870278c35d92ff77a677ed2e538f2d","Node name for S&R":"ModelPatchTorchSettings","widget_ue_connectable":{}},"widgets_values":[true],"color":"#223","bgcolor":"#335"},{"id":619,"type":"ModelPatchTorchSettings","pos":[120,-280],"size":[260,60],"flags":{"pinned":true},"order":48,"mode":4,"inputs":[{"localized_name":"model","name":"model","type":"MODEL","link":952},{"localized_name":"enable_fp16_accumulation","name":"enable_fp16_accumulation","type":"BOOLEAN","widget":{"name":"enable_fp16_accumulation"},"link":null}],"outputs":[{"localized_name":"MODEL","name":"MODEL","type":"MODEL","links":[983]}],"properties":{"cnr_id":"comfyui-kjnodes","ver":"5dcda71011870278c35d92ff77a677ed2e538f2d","Node name for S&R":"ModelPatchTorchSettings","widget_ue_connectable":{}},"widgets_values":[true],"color":"#223","bgcolor":"#335"},{"id":552,"type":"ModelPatchTorchSettings","pos":[120,-160],"size":[260,60],"flags":{"pinned":true},"order":49,"mode":4,"inputs":[{"localized_name":"model","name":"model","type":"MODEL","link":854},{"localized_name":"enable_fp16_accumulation","name":"enable_fp16_accumulation","type":"BOOLEAN","widget":{"name":"enable_fp16_accumulation"},"link":null}],"outputs":[{"localized_name":"MODEL","name":"MODEL","type":"MODEL","links":[984]}],"properties":{"cnr_id":"comfyui-kjnodes","ver":"5dcda71011870278c35d92ff77a677ed2e538f2d","Node name for S&R":"ModelPatchTorchSettings","widget_ue_connectable":{}},"widgets_values":[true],"color":"#223","bgcolor":"#335"}],"links":[[412,289,0,290,0,"LORA_STACK"],[807,523,0,524,0,"UPSCALE_MODEL"],[854,551,0,552,0,"MODEL"],[861,530,0,555,1,"CONDITIONING"],[864,529,0,554,0,"CONDITIONING"],[865,530,0,554,1,"CONDITIONING"],[866,365,0,554,2,"VAE"],[867,553,0,554,4,"IMAGE"],[873,8,0,557,0,"IMAGE"],[887,8,0,524,1,"IMAGE"],[888,365,0,8,1,"VAE"],[891,565,0,566,0,"INT"],[892,566,0,567,0,"INT"],[893,567,0,554,7,"INT"],[900,8,0,579,0,"IMAGE"],[903,524,0,581,0,"IMAGE"],[910,584,0,560,4,"INT"],[915,584,0,587,0,"INT,FLOAT"],[917,586,0,587,1,"INT,FLOAT"],[919,586,0,588,0,"INT,FLOAT"],[920,588,1,557,4,"FLOAT"],[925,593,0,581,2,"INT"],[926,574,0,594,0,"INT,FLOAT"],[927,579,1,594,1,"INT,FLOAT"],[928,574,0,593,0,"INT,FLOAT"],[929,579,0,593,1,"INT,FLOAT"],[930,594,0,581,3,"INT"],[931,587,1,595,4,"FLOAT"],[932,560,0,595,0,"IMAGE"],[941,581,0,560,0,"IMAGE"],[944,614,0,615,2,"BOOLEAN"],[945,614,0,613,2,"BOOLEAN"],[950,618,0,617,0,"MODEL"],[952,620,0,619,0,"MODEL"],[956,289,0,622,0,"LORA_STACK"],[961,626,0,529,1,"STRING"],[963,627,0,530,1,"STRING"],[970,550,0,622,2,"CLIP"],[972,622,1,529,0,"CLIP"],[973,550,0,530,0,"CLIP"],[974,632,0,629,11,"INT"],[975,632,0,630,10,"INT"],[976,633,0,630,11,"INT"],[977,633,0,631,10,"INT"],[979,634,0,629,6,"INT"],[980,634,0,630,6,"INT"],[981,634,0,631,6,"INT"],[982,617,0,556,0,"MODEL"],[983,619,0,635,0,"MODEL"],[984,552,0,636,0,"MODEL"],[989,554,0,629,1,"CONDITIONING"],[990,554,0,630,1,"CONDITIONING"],[991,554,1,629,2,"CONDITIONING"],[992,554,1,630,2,"CONDITIONING"],[995,554,0,631,1,"CONDITIONING"],[998,554,2,629,3,"LATENT"],[999,556,0,629,0,"MODEL"],[1000,635,0,630,0,"MODEL"],[1001,636,0,631,0,"MODEL"],[1002,530,0,616,1,"CONDITIONING"],[1006,555,0,624,0,"MODEL"],[1008,616,0,628,0,"MODEL"],[1009,613,0,555,0,"MODEL"],[1013,615,0,616,0,"MODEL"],[1014,612,0,615,1,"MODEL"],[1015,556,0,637,1,"*"],[1016,629,0,637,0,"*"],[1017,637,0,630,3,"LATENT"],[1018,635,0,638,1,"*"],[1021,636,0,639,1,"*"],[1022,631,0,639,0,"*"],[1023,639,0,8,0,"LATENT"],[1024,634,0,631,11,"INT"],[1025,554,1,631,2,"CONDITIONING"],[1026,611,0,615,0,"MODEL"],[1027,610,0,613,0,"MODEL"],[1028,549,0,613,1,"MODEL"],[1029,640,0,621,0,"LORA_STACK"],[1030,621,0,551,0,"MODEL"],[1031,290,0,620,0,"MODEL"],[1032,622,0,618,0,"MODEL"],[1033,630,0,638,0,"*"],[1034,638,0,631,3,"LATENT"],[1036,624,0,290,1,"MODEL"],[1037,628,0,621,1,"MODEL"],[1038,613,0,622,1,"MODEL"]],"groups":[{"id":1,"title":"⚙️Video Generation Configuration","bounding":[-460,-70,1310,1810],"color":"#3f789e","font_size":24,"flags":{"pinned":true}},{"id":3,"title":"🎞️Video Processing","bounding":[860,-70,830,1810],"color":"#3f789e","font_size":24,"flags":{"pinned":true}},{"id":4,"title":"📺Final Video","bounding":[1700,810,380,930],"color":"#3f789e","font_size":24,"flags":{"pinned":true}},{"id":5,"title":"✨Add Details","bounding":[1700,-70,380,290],"color":"#3f789e","font_size":24,"flags":{"pinned":true}},{"id":8,"title":"🚀SageAttention/Triton (bypass to deactivate)","bounding":[-200,-500,610,420],"color":"#3f789e","font_size":24,"flags":{"pinned":true}},{"id":9,"title":"🎬Resize Frames","bounding":[1700,230,380,260],"color":"#3f789e","font_size":24,"flags":{"pinned":true}},{"id":10,"title":"🎥Increase fps","bounding":[1700,500,380,300],"color":"#3f789e","font_size":24,"flags":{"pinned":true}},{"id":11,"title":"🧹Clear VRAM","bounding":[670,740,170,140],"color":"#b58b2a","font_size":24,"flags":{"pinned":true}}],"config":{},"extra":{"ds":{"scale":0.953222809112464,"offset":[1498.999961544124,405.35926501204915]},"frontendVersion":"1.25.9","groupNodes":{},"node_versions":{"comfy-core":"0.3.14","ComfyUI_JPS-Nodes":"0e2a9aca02b17dde91577bfe4b65861df622dcaf","rgthree-comfy":"31b784bac495160436a8cd91bf1a856cf01a738e","ComfyUI_essentials":"33ff89fd354d8ec3ab6affb605a79a931b445d99","ComfyUI_UltimateSDUpscale":"ff3fdfeee03de46d4462211cffd165d27155e858"},"VHS_latentpreview":false,"VHS_latentpreviewrate":0,"VHS_MetadataImage":true,"VHS_KeepIntermediate":true},"version":0.4}